data_name,model_name,graph_model,node_id,retrieval_position,attack_position,delta,success_flag
Cora,Degree,GCN,55,1,1,0,0
Cora,Degree,GCN,59,1,1,0,0
Cora,Degree,GCN,65,1,1,0,0
Cora,Degree,GCN,73,5,5,0,0
Cora,Degree,GCN,88,1,1,0,0
Cora,Degree,GCN,89,1,1,0,0
Cora,Degree,GCN,94,3,3,0,0
Cora,Degree,GCN,95,1,1,0,0
Cora,Degree,GCN,109,3,3,0,0
Cora,Degree,GCN,118,3,3,0,0
Cora,Degree,GCN,154,3,4,1,1
Cora,Degree,GCN,180,1,1,0,0
Cora,Degree,GCN,210,1,1,0,0
Cora,Degree,GCN,218,1,1,0,0
Cora,Degree,GCN,236,1,1,0,0
Cora,Degree,GCN,239,1,1,0,0
Cora,Degree,GCN,279,1,1,0,0
Cora,Degree,GCN,306,1,1,0,0
Cora,Degree,GCN,310,1,1,0,0
Cora,Degree,GCN,316,2,2,0,0
Cora,Degree,GCN,350,5,6,1,1
Cora,Degree,GCN,364,1,1,0,0
Cora,Degree,GCN,415,2,2,0,0
Cora,Degree,GCN,429,1,1,0,0
Cora,Degree,GCN,436,1,1,0,0
Cora,Degree,GCN,441,82,87,5,1
Cora,Degree,GCN,454,7,7,0,0
Cora,Degree,GCN,456,13,18,5,1
Cora,Degree,GCN,487,1,1,0,0
Cora,Degree,GCN,505,1,1,0,0
Cora,Degree,GCN,507,3,3,0,0
Cora,Degree,GCN,519,3,4,1,1
Cora,Degree,GCN,525,1,1,0,0
Cora,Degree,GCN,565,1,1,0,0
Cora,Degree,GCN,577,68,104,36,1
Cora,Degree,GCN,598,1,1,0,0
Cora,Degree,GCN,645,1,1,0,0
Cora,Degree,GCN,657,7,7,0,0
Cora,Degree,GCN,661,1,1,0,0
Cora,Degree,GCN,687,1,1,0,0
Cora,Degree,GCN,733,1,1,0,0
Cora,Degree,GCN,734,21,13,-8,0
Cora,Degree,GCN,736,2,5,3,1
Cora,Degree,GCN,748,1,1,0,0
Cora,Degree,GCN,756,4,6,2,1
Cora,Degree,GCN,963,1,1,0,0
Cora,Degree,GCN,973,1,1,0,0
Cora,Degree,GCN,1013,1,1,0,0
Cora,Degree,GCN,1015,3,3,0,0
Cora,Degree,GCN,1042,1,1,0,0
Cora,Degree,GCN,1050,1,1,0,0
Cora,Degree,GCN,1072,2,2,0,0
Cora,Degree,GCN,1103,1,1,0,0
Cora,Degree,GCN,1119,1,1,0,0
Cora,Degree,GCN,1131,1,1,0,0
Cora,Degree,GCN,1154,1,1,0,0
Cora,Degree,GCN,1169,3,3,0,0
Cora,Degree,GCN,1171,1,1,0,0
Cora,Degree,GCN,1224,1,1,0,0
Cora,Degree,GCN,1229,1,1,0,0
Cora,Degree,GCN,1257,3,2,-1,0
Cora,Degree,GCN,1309,1,1,0,0
Cora,Degree,GCN,1317,1,1,0,0
Cora,Degree,GCN,1351,1,1,0,0
Cora,Degree,GCN,1358,1,1,0,0
Cora,Degree,GCN,1367,18,24,6,1
Cora,Degree,GCN,1413,1,1,0,0
Cora,Degree,GCN,1416,1,1,0,0
Cora,Degree,GCN,1441,2,2,0,0
Cora,Degree,GCN,1483,1,1,0,0
Cora,Degree,GCN,1505,1,1,0,0
Cora,Degree,GCN,1542,3,3,0,0
Cora,Degree,GCN,1583,1,1,0,0
Cora,Degree,GCN,1602,1,1,0,0
Cora,Degree,GCN,1623,1,1,0,0
Cora,Degree,GCN,1624,1,1,0,0
Cora,Degree,GCN,1628,1,1,0,0
Cora,Degree,GCN,1655,1,1,0,0
Cora,Degree,GCN,1682,1,1,0,0
Cora,Degree,GCN,1692,1,2,1,1
Cora,Degree,GCN,1701,1,1,0,0
Cora,Degree,GCN,1702,7,13,6,1
Cora,Degree,GCN,1703,1,1,0,0
Cora,Degree,GCN,1725,3,4,1,1
Cora,Degree,GCN,1740,1,1,0,0
Cora,Degree,GCN,1742,1,1,0,0
Cora,Degree,GCN,1765,1,3,2,1
Cora,Degree,GCN,1776,1,1,0,0
Cora,Degree,GCN,1810,1,1,0,0
Cora,Degree,GCN,1842,1,2,1,1
Cora,Degree,GCN,1869,1,2,1,1
Cora,Degree,GCN,1894,22,23,1,1
Cora,Degree,GCN,1902,13,13,0,0
Cora,Degree,GCN,1912,1,1,0,0
Cora,Degree,GCN,1914,1,1,0,0
Cora,Degree,GCN,1927,1,1,0,0
Cora,Degree,GCN,1950,1,1,0,0
Cora,Degree,GCN,1952,4,4,0,0
Cora,Degree,GCN,1966,2,1,-1,0
Cora,Degree,GCN,1973,1,1,0,0
Cora,Degree,GCN,55,1,1,0,0
Cora,Degree,GCN,59,1,1,0,0
Cora,Degree,GCN,65,1,2,1,1
Cora,Degree,GCN,73,5,5,0,0
Cora,Degree,GCN,88,1,1,0,0
Cora,Degree,GCN,89,1,1,0,0
Cora,Degree,GCN,94,3,3,0,0
Cora,Degree,GCN,95,1,1,0,0
Cora,Degree,GCN,109,3,3,0,0
Cora,Degree,GCN,118,3,3,0,0
Cora,Degree,GCN,154,3,5,2,1
Cora,Degree,GCN,180,1,2,1,1
Cora,Degree,GCN,210,1,1,0,0
Cora,Degree,GCN,218,1,1,0,0
Cora,Degree,GCN,236,1,1,0,0
Cora,Degree,GCN,239,1,1,0,0
Cora,Degree,GCN,279,1,1,0,0
Cora,Degree,GCN,306,1,1,0,0
Cora,Degree,GCN,310,1,1,0,0
Cora,Degree,GCN,316,2,2,0,0
Cora,Degree,GCN,350,5,6,1,1
Cora,Degree,GCN,364,1,1,0,0
Cora,Degree,GCN,415,2,2,0,0
Cora,Degree,GCN,429,1,1,0,0
Cora,Degree,GCN,436,1,1,0,0
Cora,Degree,GCN,441,82,102,20,1
Cora,Degree,GCN,454,7,7,0,0
Cora,Degree,GCN,456,13,13,0,0
Cora,Degree,GCN,487,1,1,0,0
Cora,Degree,GCN,505,1,1,0,0
Cora,Degree,GCN,507,3,3,0,0
Cora,Degree,GCN,519,3,4,1,1
Cora,Degree,GCN,525,1,1,0,0
Cora,Degree,GCN,565,1,1,0,0
Cora,Degree,GCN,577,68,104,36,1
Cora,Degree,GCN,598,1,1,0,0
Cora,Degree,GCN,645,1,1,0,0
Cora,Degree,GCN,657,7,7,0,0
Cora,Degree,GCN,661,1,1,0,0
Cora,Degree,GCN,687,1,1,0,0
Cora,Degree,GCN,733,1,1,0,0
Cora,Degree,GCN,734,21,21,0,0
Cora,Degree,GCN,736,2,3,1,1
Cora,Degree,GCN,748,1,1,0,0
Cora,Degree,GCN,756,4,6,2,1
Cora,Degree,GCN,963,1,1,0,0
Cora,Degree,GCN,973,1,1,0,0
Cora,Degree,GCN,1013,1,1,0,0
Cora,Degree,GCN,1015,3,3,0,0
Cora,Degree,GCN,1042,1,1,0,0
Cora,Degree,GCN,1050,1,1,0,0
Cora,Degree,GCN,1072,2,2,0,0
Cora,Degree,GCN,1103,1,1,0,0
Cora,Degree,GCN,1119,1,1,0,0
Cora,Degree,GCN,1131,1,1,0,0
Cora,Degree,GCN,1154,1,1,0,0
Cora,Degree,GCN,1169,3,3,0,0
Cora,Degree,GCN,1171,1,1,0,0
Cora,Degree,GCN,1224,1,1,0,0
Cora,Degree,GCN,1229,1,1,0,0
Cora,Degree,GCN,1257,3,1,-2,0
Cora,Degree,GCN,1309,1,1,0,0
Cora,Degree,GCN,1317,1,1,0,0
Cora,Degree,GCN,1351,1,1,0,0
Cora,Degree,GCN,1358,1,1,0,0
Cora,Degree,GCN,1367,18,40,22,1
Cora,Degree,GCN,1413,1,2,1,1
Cora,Degree,GCN,1416,1,1,0,0
Cora,Degree,GCN,1441,2,2,0,0
Cora,Degree,GCN,1483,1,1,0,0
Cora,Degree,GCN,1505,1,1,0,0
Cora,Degree,GCN,1542,3,4,1,1
Cora,Degree,GCN,1583,1,1,0,0
Cora,Degree,GCN,1602,1,1,0,0
Cora,Degree,GCN,1623,1,1,0,0
Cora,Degree,GCN,1624,1,1,0,0
Cora,Degree,GCN,1628,1,2,1,1
Cora,Degree,GCN,1655,1,1,0,0
Cora,Degree,GCN,1682,1,4,3,1
Cora,Degree,GCN,1692,1,1,0,0
Cora,Degree,GCN,1701,1,1,0,0
Cora,Degree,GCN,1702,7,10,3,1
Cora,Degree,GCN,1703,1,1,0,0
Cora,Degree,GCN,1725,3,3,0,0
Cora,Degree,GCN,1740,1,1,0,0
Cora,Degree,GCN,1742,1,1,0,0
Cora,Degree,GCN,1765,1,1,0,0
Cora,Degree,GCN,1776,1,1,0,0
Cora,Degree,GCN,1810,1,1,0,0
Cora,Degree,GCN,1842,1,1,0,0
Cora,Degree,GCN,1869,1,1,0,0
Cora,Degree,GCN,1894,22,23,1,1
Cora,Degree,GCN,1902,13,13,0,0
Cora,Degree,GCN,1912,1,1,0,0
Cora,Degree,GCN,1914,1,1,0,0
Cora,Degree,GCN,1927,1,1,0,0
Cora,Degree,GCN,1950,1,1,0,0
Cora,Degree,GCN,1952,4,4,0,0
Cora,Degree,GCN,1966,2,1,-1,0
Cora,Degree,GCN,1973,1,1,0,0
Cora,Degree,GCN,55,1,1,0,0
Cora,Degree,GCN,59,1,1,0,0
Cora,Degree,GCN,65,1,2,1,1
Cora,Degree,GCN,73,5,5,0,0
Cora,Degree,GCN,88,1,1,0,0
Cora,Degree,GCN,89,1,1,0,0
Cora,Degree,GCN,94,3,4,1,1
Cora,Degree,GCN,95,1,1,0,0
Cora,Degree,GCN,109,3,3,0,0
Cora,Degree,GCN,118,3,3,0,0
Cora,Degree,GCN,154,3,4,1,1
Cora,Degree,GCN,180,1,2,1,1
Cora,Degree,GCN,210,1,1,0,0
Cora,Degree,GCN,218,1,1,0,0
Cora,Degree,GCN,236,1,1,0,0
Cora,Degree,GCN,239,1,1,0,0
Cora,Degree,GCN,279,1,1,0,0
Cora,Degree,GCN,306,1,1,0,0
Cora,Degree,GCN,310,1,1,0,0
Cora,Degree,GCN,316,2,2,0,0
Cora,Degree,GCN,350,5,6,1,1
Cora,Degree,GCN,364,1,3,2,1
Cora,Degree,GCN,415,2,2,0,0
Cora,Degree,GCN,429,1,1,0,0
Cora,Degree,GCN,436,1,1,0,0
Cora,Degree,GCN,441,82,89,7,1
Cora,Degree,GCN,454,7,7,0,0
Cora,Degree,GCN,456,13,13,0,0
Cora,Degree,GCN,487,1,1,0,0
Cora,Degree,GCN,505,1,1,0,0
Cora,Degree,GCN,507,3,3,0,0
Cora,Degree,GCN,519,3,4,1,1
Cora,Degree,GCN,525,1,1,0,0
Cora,Degree,GCN,565,1,1,0,0
Cora,Degree,GCN,577,68,163,95,1
Cora,Degree,GCN,598,1,1,0,0
Cora,Degree,GCN,645,1,1,0,0
Cora,Degree,GCN,657,7,7,0,0
Cora,Degree,GCN,661,1,1,0,0
Cora,Degree,GCN,687,1,1,0,0
Cora,Degree,GCN,733,1,1,0,0
Cora,Degree,GCN,734,21,21,0,0
Cora,Degree,GCN,736,2,3,1,1
Cora,Degree,GCN,748,1,1,0,0
Cora,Degree,GCN,756,4,6,2,1
Cora,Degree,GCN,963,1,1,0,0
Cora,Degree,GCN,973,1,1,0,0
Cora,Degree,GCN,1013,1,1,0,0
Cora,Degree,GCN,1015,3,3,0,0
Cora,Degree,GCN,1042,1,1,0,0
Cora,Degree,GCN,1050,1,1,0,0
Cora,Degree,GCN,1072,2,2,0,0
Cora,Degree,GCN,1103,1,1,0,0
Cora,Degree,GCN,1119,1,1,0,0
Cora,Degree,GCN,1131,1,1,0,0
Cora,Degree,GCN,1154,1,1,0,0
Cora,Degree,GCN,1169,3,4,1,1
Cora,Degree,GCN,1171,1,1,0,0
Cora,Degree,GCN,1224,1,1,0,0
Cora,Degree,GCN,1229,1,2,1,1
Cora,Degree,GCN,1257,3,3,0,0
Cora,Degree,GCN,1309,1,1,0,0
Cora,Degree,GCN,1317,1,1,0,0
Cora,Degree,GCN,1351,1,1,0,0
Cora,Degree,GCN,1358,1,1,0,0
Cora,Degree,GCN,1367,18,40,22,1
Cora,Degree,GCN,1413,1,2,1,1
Cora,Degree,GCN,1416,1,1,0,0
Cora,Degree,GCN,1441,2,2,0,0
Cora,Degree,GCN,1483,1,1,0,0
Cora,Degree,GCN,1505,1,1,0,0
Cora,Degree,GCN,1542,3,7,4,1
Cora,Degree,GCN,1583,1,1,0,0
Cora,Degree,GCN,1602,1,1,0,0
Cora,Degree,GCN,1623,1,1,0,0
Cora,Degree,GCN,1624,1,1,0,0
Cora,Degree,GCN,1628,1,2,1,1
Cora,Degree,GCN,1655,1,1,0,0
Cora,Degree,GCN,1682,1,4,3,1
Cora,Degree,GCN,1692,1,1,0,0
Cora,Degree,GCN,1701,1,1,0,0
Cora,Degree,GCN,1702,7,10,3,1
Cora,Degree,GCN,1703,1,2,1,1
Cora,Degree,GCN,1725,3,2,-1,0
Cora,Degree,GCN,1740,1,2,1,1
Cora,Degree,GCN,1742,1,1,0,0
Cora,Degree,GCN,1765,1,1,0,0
Cora,Degree,GCN,1776,1,1,0,0
Cora,Degree,GCN,1810,1,1,0,0
Cora,Degree,GCN,1842,1,1,0,0
Cora,Degree,GCN,1869,1,1,0,0
Cora,Degree,GCN,1894,22,22,0,0
Cora,Degree,GCN,1902,13,13,0,0
Cora,Degree,GCN,1912,1,1,0,0
Cora,Degree,GCN,1914,1,1,0,0
Cora,Degree,GCN,1927,1,1,0,0
Cora,Degree,GCN,1950,1,1,0,0
Cora,Degree,GCN,1952,4,5,1,1
Cora,Degree,GCN,1966,2,2,0,0
Cora,Degree,GCN,1973,1,1,0,0
Cora,Degree,GCN,55,1,1,0,0
Cora,Degree,GCN,59,1,1,0,0
Cora,Degree,GCN,65,1,1,0,0
Cora,Degree,GCN,73,5,5,0,0
Cora,Degree,GCN,88,1,1,0,0
Cora,Degree,GCN,89,1,1,0,0
Cora,Degree,GCN,94,3,4,1,1
Cora,Degree,GCN,95,1,1,0,0
Cora,Degree,GCN,109,3,3,0,0
Cora,Degree,GCN,118,3,3,0,0
Cora,Degree,GCN,154,3,4,1,1
Cora,Degree,GCN,180,1,1,0,0
Cora,Degree,GCN,210,1,1,0,0
Cora,Degree,GCN,218,1,1,0,0
Cora,Degree,GCN,236,1,1,0,0
Cora,Degree,GCN,239,1,1,0,0
Cora,Degree,GCN,279,1,1,0,0
Cora,Degree,GCN,306,1,1,0,0
Cora,Degree,GCN,310,1,1,0,0
Cora,Degree,GCN,316,2,4,2,1
Cora,Degree,GCN,350,5,6,1,1
Cora,Degree,GCN,364,1,1,0,0
Cora,Degree,GCN,415,2,2,0,0
Cora,Degree,GCN,429,1,1,0,0
Cora,Degree,GCN,436,1,1,0,0
Cora,Degree,GCN,441,82,82,0,0
Cora,Degree,GCN,454,7,7,0,0
Cora,Degree,GCN,456,13,13,0,0
Cora,Degree,GCN,487,1,1,0,0
Cora,Degree,GCN,505,1,1,0,0
Cora,Degree,GCN,507,3,3,0,0
Cora,Degree,GCN,519,3,5,2,1
Cora,Degree,GCN,525,1,1,0,0
Cora,Degree,GCN,565,1,1,0,0
Cora,Degree,GCN,577,68,153,85,1
Cora,Degree,GCN,598,1,1,0,0
Cora,Degree,GCN,645,1,1,0,0
Cora,Degree,GCN,657,7,14,7,1
Cora,Degree,GCN,661,1,1,0,0
Cora,Degree,GCN,687,1,1,0,0
Cora,Degree,GCN,733,1,1,0,0
Cora,Degree,GCN,734,21,21,0,0
Cora,Degree,GCN,736,2,3,1,1
Cora,Degree,GCN,748,1,1,0,0
Cora,Degree,GCN,756,4,6,2,1
Cora,Degree,GCN,963,1,1,0,0
Cora,Degree,GCN,973,1,1,0,0
Cora,Degree,GCN,1013,1,1,0,0
Cora,Degree,GCN,1015,3,3,0,0
Cora,Degree,GCN,1042,1,1,0,0
Cora,Degree,GCN,1050,1,1,0,0
Cora,Degree,GCN,1072,2,2,0,0
Cora,Degree,GCN,1103,1,1,0,0
Cora,Degree,GCN,1119,1,1,0,0
Cora,Degree,GCN,1131,1,1,0,0
Cora,Degree,GCN,1154,1,1,0,0
Cora,Degree,GCN,1169,3,3,0,0
Cora,Degree,GCN,1171,1,1,0,0
Cora,Degree,GCN,1224,1,1,0,0
Cora,Degree,GCN,1229,1,4,3,1
Cora,Degree,GCN,1257,3,4,1,1
Cora,Degree,GCN,1309,1,1,0,0
Cora,Degree,GCN,1317,1,1,0,0
Cora,Degree,GCN,1351,1,1,0,0
Cora,Degree,GCN,1358,1,1,0,0
Cora,Degree,GCN,1367,18,40,22,1
Cora,Degree,GCN,1413,1,2,1,1
Cora,Degree,GCN,1416,1,1,0,0
Cora,Degree,GCN,1441,2,2,0,0
Cora,Degree,GCN,1483,1,1,0,0
Cora,Degree,GCN,1505,1,1,0,0
Cora,Degree,GCN,1542,3,8,5,1
Cora,Degree,GCN,1583,1,1,0,0
Cora,Degree,GCN,1602,1,1,0,0
Cora,Degree,GCN,1623,1,1,0,0
Cora,Degree,GCN,1624,1,1,0,0
Cora,Degree,GCN,1628,1,4,3,1
Cora,Degree,GCN,1655,1,1,0,0
Cora,Degree,GCN,1682,1,3,2,1
Cora,Degree,GCN,1692,1,1,0,0
Cora,Degree,GCN,1701,1,1,0,0
Cora,Degree,GCN,1702,7,10,3,1
Cora,Degree,GCN,1703,1,1,0,0
Cora,Degree,GCN,1725,3,2,-1,0
Cora,Degree,GCN,1740,1,2,1,1
Cora,Degree,GCN,1742,1,1,0,0
Cora,Degree,GCN,1765,1,1,0,0
Cora,Degree,GCN,1776,1,1,0,0
Cora,Degree,GCN,1810,1,1,0,0
Cora,Degree,GCN,1842,1,2,1,1
Cora,Degree,GCN,1869,1,1,0,0
Cora,Degree,GCN,1894,22,20,-2,0
Cora,Degree,GCN,1902,13,13,0,0
Cora,Degree,GCN,1912,1,1,0,0
Cora,Degree,GCN,1914,1,1,0,0
Cora,Degree,GCN,1927,1,1,0,0
Cora,Degree,GCN,1950,1,1,0,0
Cora,Degree,GCN,1952,4,4,0,0
Cora,Degree,GCN,1966,2,2,0,0
Cora,Degree,GCN,1973,1,1,0,0
Cora,Degree,GCN,55,1,1,0,0
Cora,Degree,GCN,59,1,1,0,0
Cora,Degree,GCN,65,1,1,0,0
Cora,Degree,GCN,73,5,5,0,0
Cora,Degree,GCN,88,1,1,0,0
Cora,Degree,GCN,89,1,1,0,0
Cora,Degree,GCN,94,3,4,1,1
Cora,Degree,GCN,95,1,1,0,0
Cora,Degree,GCN,109,3,3,0,0
Cora,Degree,GCN,118,3,3,0,0
Cora,Degree,GCN,154,3,4,1,1
Cora,Degree,GCN,180,1,1,0,0
Cora,Degree,GCN,210,1,2,1,1
Cora,Degree,GCN,218,1,1,0,0
Cora,Degree,GCN,236,1,2,1,1
Cora,Degree,GCN,239,1,1,0,0
Cora,Degree,GCN,279,1,1,0,0
Cora,Degree,GCN,306,1,1,0,0
Cora,Degree,GCN,310,1,1,0,0
Cora,Degree,GCN,316,2,4,2,1
Cora,Degree,GCN,350,5,6,1,1
Cora,Degree,GCN,364,1,1,0,0
Cora,Degree,GCN,415,2,2,0,0
Cora,Degree,GCN,429,1,1,0,0
Cora,Degree,GCN,436,1,1,0,0
Cora,Degree,GCN,441,82,50,-32,0
Cora,Degree,GCN,454,7,8,1,1
Cora,Degree,GCN,456,13,13,0,0
Cora,Degree,GCN,487,1,4,3,1
Cora,Degree,GCN,505,1,1,0,0
Cora,Degree,GCN,507,3,3,0,0
Cora,Degree,GCN,519,3,6,3,1
Cora,Degree,GCN,525,1,1,0,0
Cora,Degree,GCN,565,1,1,0,0
Cora,Degree,GCN,577,68,157,89,1
Cora,Degree,GCN,598,1,1,0,0
Cora,Degree,GCN,645,1,1,0,0
Cora,Degree,GCN,657,7,18,11,1
Cora,Degree,GCN,661,1,1,0,0
Cora,Degree,GCN,687,1,1,0,0
Cora,Degree,GCN,733,1,1,0,0
Cora,Degree,GCN,734,21,22,1,1
Cora,Degree,GCN,736,2,3,1,1
Cora,Degree,GCN,748,1,1,0,0
Cora,Degree,GCN,756,4,6,2,1
Cora,Degree,GCN,963,1,1,0,0
Cora,Degree,GCN,973,1,1,0,0
Cora,Degree,GCN,1013,1,1,0,0
Cora,Degree,GCN,1015,3,3,0,0
Cora,Degree,GCN,1042,1,1,0,0
Cora,Degree,GCN,1050,1,1,0,0
Cora,Degree,GCN,1072,2,2,0,0
Cora,Degree,GCN,1103,1,2,1,1
Cora,Degree,GCN,1119,1,1,0,0
Cora,Degree,GCN,1131,1,1,0,0
Cora,Degree,GCN,1154,1,1,0,0
Cora,Degree,GCN,1169,3,3,0,0
Cora,Degree,GCN,1171,1,2,1,1
Cora,Degree,GCN,1224,1,1,0,0
Cora,Degree,GCN,1229,1,4,3,1
Cora,Degree,GCN,1257,3,5,2,1
Cora,Degree,GCN,1309,1,1,0,0
Cora,Degree,GCN,1317,1,1,0,0
Cora,Degree,GCN,1351,1,1,0,0
Cora,Degree,GCN,1358,1,1,0,0
Cora,Degree,GCN,1367,18,40,22,1
Cora,Degree,GCN,1413,1,2,1,1
Cora,Degree,GCN,1416,1,1,0,0
Cora,Degree,GCN,1441,2,2,0,0
Cora,Degree,GCN,1483,1,1,0,0
Cora,Degree,GCN,1505,1,1,0,0
Cora,Degree,GCN,1542,3,8,5,1
Cora,Degree,GCN,1583,1,1,0,0
Cora,Degree,GCN,1602,1,1,0,0
Cora,Degree,GCN,1623,1,1,0,0
Cora,Degree,GCN,1624,1,1,0,0
Cora,Degree,GCN,1628,1,4,3,1
Cora,Degree,GCN,1655,1,1,0,0
Cora,Degree,GCN,1682,1,2,1,1
Cora,Degree,GCN,1692,1,2,1,1
Cora,Degree,GCN,1701,1,1,0,0
Cora,Degree,GCN,1702,7,13,6,1
Cora,Degree,GCN,1703,1,1,0,0
Cora,Degree,GCN,1725,3,2,-1,0
Cora,Degree,GCN,1740,1,2,1,1
Cora,Degree,GCN,1742,1,1,0,0
Cora,Degree,GCN,1765,1,2,1,1
Cora,Degree,GCN,1776,1,1,0,0
Cora,Degree,GCN,1810,1,1,0,0
Cora,Degree,GCN,1842,1,4,3,1
Cora,Degree,GCN,1869,1,1,0,0
Cora,Degree,GCN,1894,22,21,-1,0
Cora,Degree,GCN,1902,13,13,0,0
Cora,Degree,GCN,1912,1,1,0,0
Cora,Degree,GCN,1914,1,1,0,0
Cora,Degree,GCN,1927,1,1,0,0
Cora,Degree,GCN,1950,1,1,0,0
Cora,Degree,GCN,1952,4,5,1,1
Cora,Degree,GCN,1966,2,1,-1,0
Cora,Degree,GCN,1973,1,1,0,0
Cora,per_node_gold_attack,GCN,55,1,1,0,0
Cora,per_node_gold_attack,GCN,59,1,1,0,0
Cora,per_node_gold_attack,GCN,65,1,1,0,0
Cora,per_node_gold_attack,GCN,73,5,5,0,0
Cora,per_node_gold_attack,GCN,88,1,1,0,0
Cora,per_node_gold_attack,GCN,89,1,1,0,0
Cora,per_node_gold_attack,GCN,94,3,4,1,1
Cora,per_node_gold_attack,GCN,95,1,1,0,0
Cora,per_node_gold_attack,GCN,109,3,3,0,0
Cora,per_node_gold_attack,GCN,118,3,3,0,0
Cora,per_node_gold_attack,GCN,154,3,2,-1,0
Cora,per_node_gold_attack,GCN,180,1,2,1,1
Cora,per_node_gold_attack,GCN,210,1,1,0,0
Cora,per_node_gold_attack,GCN,218,1,1,0,0
Cora,per_node_gold_attack,GCN,236,1,1,0,0
Cora,per_node_gold_attack,GCN,239,1,1,0,0
Cora,per_node_gold_attack,GCN,279,1,1,0,0
Cora,per_node_gold_attack,GCN,306,1,1,0,0
Cora,per_node_gold_attack,GCN,310,1,1,0,0
Cora,per_node_gold_attack,GCN,316,2,2,0,0
Cora,per_node_gold_attack,GCN,350,5,5,0,0
Cora,per_node_gold_attack,GCN,364,1,1,0,0
Cora,per_node_gold_attack,GCN,415,2,2,0,0
Cora,per_node_gold_attack,GCN,429,1,1,0,0
Cora,per_node_gold_attack,GCN,436,1,1,0,0
Cora,per_node_gold_attack,GCN,441,82,93,11,1
Cora,per_node_gold_attack,GCN,454,7,8,1,1
Cora,per_node_gold_attack,GCN,456,13,13,0,0
Cora,per_node_gold_attack,GCN,487,1,1,0,0
Cora,per_node_gold_attack,GCN,505,1,1,0,0
Cora,per_node_gold_attack,GCN,507,3,3,0,0
Cora,per_node_gold_attack,GCN,519,3,2,-1,0
Cora,per_node_gold_attack,GCN,525,1,1,0,0
Cora,per_node_gold_attack,GCN,565,1,1,0,0
Cora,per_node_gold_attack,GCN,577,68,66,-2,0
Cora,per_node_gold_attack,GCN,598,1,1,0,0
Cora,per_node_gold_attack,GCN,645,1,1,0,0
Cora,per_node_gold_attack,GCN,657,7,13,6,1
Cora,per_node_gold_attack,GCN,661,1,1,0,0
Cora,per_node_gold_attack,GCN,687,1,1,0,0
Cora,per_node_gold_attack,GCN,733,1,1,0,0
Cora,per_node_gold_attack,GCN,734,21,13,-8,0
Cora,per_node_gold_attack,GCN,736,2,5,3,1
Cora,per_node_gold_attack,GCN,748,1,1,0,0
Cora,per_node_gold_attack,GCN,756,4,6,2,1
Cora,per_node_gold_attack,GCN,963,1,1,0,0
Cora,per_node_gold_attack,GCN,973,1,1,0,0
Cora,per_node_gold_attack,GCN,1013,1,1,0,0
Cora,per_node_gold_attack,GCN,1015,3,3,0,0
Cora,per_node_gold_attack,GCN,1042,1,1,0,0
Cora,per_node_gold_attack,GCN,1050,1,1,0,0
Cora,per_node_gold_attack,GCN,1072,2,2,0,0
Cora,per_node_gold_attack,GCN,1103,1,1,0,0
Cora,per_node_gold_attack,GCN,1119,1,1,0,0
Cora,per_node_gold_attack,GCN,1131,1,1,0,0
Cora,per_node_gold_attack,GCN,1154,1,1,0,0
Cora,per_node_gold_attack,GCN,1169,3,3,0,0
Cora,per_node_gold_attack,GCN,1171,1,1,0,0
Cora,per_node_gold_attack,GCN,1224,1,1,0,0
Cora,per_node_gold_attack,GCN,1229,1,1,0,0
Cora,per_node_gold_attack,GCN,1257,3,2,-1,0
Cora,per_node_gold_attack,GCN,1309,1,1,0,0
Cora,per_node_gold_attack,GCN,1317,1,1,0,0
Cora,per_node_gold_attack,GCN,1351,1,1,0,0
Cora,per_node_gold_attack,GCN,1358,1,1,0,0
Cora,per_node_gold_attack,GCN,1367,18,30,12,1
Cora,per_node_gold_attack,GCN,1413,1,1,0,0
Cora,per_node_gold_attack,GCN,1416,1,1,0,0
Cora,per_node_gold_attack,GCN,1441,2,2,0,0
Cora,per_node_gold_attack,GCN,1483,1,1,0,0
Cora,per_node_gold_attack,GCN,1505,1,1,0,0
Cora,per_node_gold_attack,GCN,1542,3,3,0,0
Cora,per_node_gold_attack,GCN,1583,1,1,0,0
Cora,per_node_gold_attack,GCN,1602,1,1,0,0
Cora,per_node_gold_attack,GCN,1623,1,1,0,0
Cora,per_node_gold_attack,GCN,1624,1,1,0,0
Cora,per_node_gold_attack,GCN,1628,1,1,0,0
Cora,per_node_gold_attack,GCN,1655,1,1,0,0
Cora,per_node_gold_attack,GCN,1682,1,1,0,0
Cora,per_node_gold_attack,GCN,1692,1,1,0,0
Cora,per_node_gold_attack,GCN,1701,1,1,0,0
Cora,per_node_gold_attack,GCN,1702,7,8,1,1
Cora,per_node_gold_attack,GCN,1703,1,1,0,0
Cora,per_node_gold_attack,GCN,1725,3,2,-1,0
Cora,per_node_gold_attack,GCN,1740,1,1,0,0
Cora,per_node_gold_attack,GCN,1742,1,1,0,0
Cora,per_node_gold_attack,GCN,1765,1,1,0,0
Cora,per_node_gold_attack,GCN,1776,1,1,0,0
Cora,per_node_gold_attack,GCN,1810,1,1,0,0
Cora,per_node_gold_attack,GCN,1842,1,1,0,0
Cora,per_node_gold_attack,GCN,1869,1,1,0,0
Cora,per_node_gold_attack,GCN,1894,22,23,1,1
Cora,per_node_gold_attack,GCN,1902,13,13,0,0
Cora,per_node_gold_attack,GCN,1912,1,1,0,0
Cora,per_node_gold_attack,GCN,1914,1,1,0,0
Cora,per_node_gold_attack,GCN,1927,1,1,0,0
Cora,per_node_gold_attack,GCN,1950,1,1,0,0
Cora,per_node_gold_attack,GCN,1952,4,4,0,0
Cora,per_node_gold_attack,GCN,1966,2,2,0,0
Cora,per_node_gold_attack,GCN,1973,1,1,0,0
Cora,per_node_gold_attack,GCN,55,1,1,0,0
Cora,per_node_gold_attack,GCN,59,1,1,0,0
Cora,per_node_gold_attack,GCN,65,1,1,0,0
Cora,per_node_gold_attack,GCN,73,5,5,0,0
Cora,per_node_gold_attack,GCN,88,1,1,0,0
Cora,per_node_gold_attack,GCN,89,1,1,0,0
Cora,per_node_gold_attack,GCN,94,3,4,1,1
Cora,per_node_gold_attack,GCN,95,1,1,0,0
Cora,per_node_gold_attack,GCN,109,3,3,0,0
Cora,per_node_gold_attack,GCN,118,3,3,0,0
Cora,per_node_gold_attack,GCN,154,3,4,1,1
Cora,per_node_gold_attack,GCN,180,1,2,1,1
Cora,per_node_gold_attack,GCN,210,1,1,0,0
Cora,per_node_gold_attack,GCN,218,1,1,0,0
Cora,per_node_gold_attack,GCN,236,1,1,0,0
Cora,per_node_gold_attack,GCN,239,1,1,0,0
Cora,per_node_gold_attack,GCN,279,1,1,0,0
Cora,per_node_gold_attack,GCN,306,1,1,0,0
Cora,per_node_gold_attack,GCN,310,1,1,0,0
Cora,per_node_gold_attack,GCN,316,2,2,0,0
Cora,per_node_gold_attack,GCN,350,5,5,0,0
Cora,per_node_gold_attack,GCN,364,1,1,0,0
Cora,per_node_gold_attack,GCN,415,2,2,0,0
Cora,per_node_gold_attack,GCN,429,1,1,0,0
Cora,per_node_gold_attack,GCN,436,1,1,0,0
Cora,per_node_gold_attack,GCN,441,82,83,1,1
Cora,per_node_gold_attack,GCN,454,7,8,1,1
Cora,per_node_gold_attack,GCN,456,13,13,0,0
Cora,per_node_gold_attack,GCN,487,1,1,0,0
Cora,per_node_gold_attack,GCN,505,1,1,0,0
Cora,per_node_gold_attack,GCN,507,3,3,0,0
Cora,per_node_gold_attack,GCN,519,3,2,-1,0
Cora,per_node_gold_attack,GCN,525,1,1,0,0
Cora,per_node_gold_attack,GCN,565,1,1,0,0
Cora,per_node_gold_attack,GCN,577,68,65,-3,0
Cora,per_node_gold_attack,GCN,598,1,1,0,0
Cora,per_node_gold_attack,GCN,645,1,1,0,0
Cora,per_node_gold_attack,GCN,657,7,16,9,1
Cora,per_node_gold_attack,GCN,661,1,1,0,0
Cora,per_node_gold_attack,GCN,687,1,1,0,0
Cora,per_node_gold_attack,GCN,733,1,1,0,0
Cora,per_node_gold_attack,GCN,734,21,14,-7,0
Cora,per_node_gold_attack,GCN,736,2,5,3,1
Cora,per_node_gold_attack,GCN,748,1,2,1,1
Cora,per_node_gold_attack,GCN,756,4,6,2,1
Cora,per_node_gold_attack,GCN,963,1,1,0,0
Cora,per_node_gold_attack,GCN,973,1,1,0,0
Cora,per_node_gold_attack,GCN,1013,1,1,0,0
Cora,per_node_gold_attack,GCN,1015,3,3,0,0
Cora,per_node_gold_attack,GCN,1042,1,1,0,0
Cora,per_node_gold_attack,GCN,1050,1,1,0,0
Cora,per_node_gold_attack,GCN,1072,2,2,0,0
Cora,per_node_gold_attack,GCN,1103,1,1,0,0
Cora,per_node_gold_attack,GCN,1119,1,1,0,0
Cora,per_node_gold_attack,GCN,1131,1,1,0,0
Cora,per_node_gold_attack,GCN,1154,1,1,0,0
Cora,per_node_gold_attack,GCN,1169,3,3,0,0
Cora,per_node_gold_attack,GCN,1171,1,1,0,0
Cora,per_node_gold_attack,GCN,1224,1,1,0,0
Cora,per_node_gold_attack,GCN,1229,1,1,0,0
Cora,per_node_gold_attack,GCN,1257,3,3,0,0
Cora,per_node_gold_attack,GCN,1309,1,1,0,0
Cora,per_node_gold_attack,GCN,1317,1,1,0,0
Cora,per_node_gold_attack,GCN,1351,1,1,0,0
Cora,per_node_gold_attack,GCN,1358,1,1,0,0
Cora,per_node_gold_attack,GCN,1367,18,39,21,1
Cora,per_node_gold_attack,GCN,1413,1,1,0,0
Cora,per_node_gold_attack,GCN,1416,1,1,0,0
Cora,per_node_gold_attack,GCN,1441,2,3,1,1
Cora,per_node_gold_attack,GCN,1483,1,1,0,0
Cora,per_node_gold_attack,GCN,1505,1,1,0,0
Cora,per_node_gold_attack,GCN,1542,3,3,0,0
Cora,per_node_gold_attack,GCN,1583,1,1,0,0
Cora,per_node_gold_attack,GCN,1602,1,1,0,0
Cora,per_node_gold_attack,GCN,1623,1,1,0,0
Cora,per_node_gold_attack,GCN,1624,1,1,0,0
Cora,per_node_gold_attack,GCN,1628,1,1,0,0
Cora,per_node_gold_attack,GCN,1655,1,1,0,0
Cora,per_node_gold_attack,GCN,1682,1,1,0,0
Cora,per_node_gold_attack,GCN,1692,1,1,0,0
Cora,per_node_gold_attack,GCN,1701,1,1,0,0
Cora,per_node_gold_attack,GCN,1702,7,13,6,1
Cora,per_node_gold_attack,GCN,1703,1,1,0,0
Cora,per_node_gold_attack,GCN,1725,3,2,-1,0
Cora,per_node_gold_attack,GCN,1740,1,1,0,0
Cora,per_node_gold_attack,GCN,1742,1,1,0,0
Cora,per_node_gold_attack,GCN,1765,1,1,0,0
Cora,per_node_gold_attack,GCN,1776,1,1,0,0
Cora,per_node_gold_attack,GCN,1810,1,1,0,0
Cora,per_node_gold_attack,GCN,1842,1,1,0,0
Cora,per_node_gold_attack,GCN,1869,1,1,0,0
Cora,per_node_gold_attack,GCN,1894,22,23,1,1
Cora,per_node_gold_attack,GCN,1902,13,13,0,0
Cora,per_node_gold_attack,GCN,1912,1,1,0,0
Cora,per_node_gold_attack,GCN,1914,1,1,0,0
Cora,per_node_gold_attack,GCN,1927,1,1,0,0
Cora,per_node_gold_attack,GCN,1950,1,1,0,0
Cora,per_node_gold_attack,GCN,1952,4,4,0,0
Cora,per_node_gold_attack,GCN,1966,2,2,0,0
Cora,per_node_gold_attack,GCN,1973,1,1,0,0
Cora,per_node_gold_attack,GCN,55,1,1,0,0
Cora,per_node_gold_attack,GCN,59,1,1,0,0
Cora,per_node_gold_attack,GCN,65,1,1,0,0
Cora,per_node_gold_attack,GCN,73,5,5,0,0
Cora,per_node_gold_attack,GCN,88,1,1,0,0
Cora,per_node_gold_attack,GCN,89,1,1,0,0
Cora,per_node_gold_attack,GCN,94,3,4,1,1
Cora,per_node_gold_attack,GCN,95,1,1,0,0
Cora,per_node_gold_attack,GCN,109,3,3,0,0
Cora,per_node_gold_attack,GCN,118,3,1,-2,0
Cora,per_node_gold_attack,GCN,154,3,4,1,1
Cora,per_node_gold_attack,GCN,180,1,1,0,0
Cora,per_node_gold_attack,GCN,210,1,1,0,0
Cora,per_node_gold_attack,GCN,218,1,1,0,0
Cora,per_node_gold_attack,GCN,236,1,2,1,1
Cora,per_node_gold_attack,GCN,239,1,1,0,0
Cora,per_node_gold_attack,GCN,279,1,1,0,0
Cora,per_node_gold_attack,GCN,306,1,1,0,0
Cora,per_node_gold_attack,GCN,310,1,1,0,0
Cora,per_node_gold_attack,GCN,316,2,3,1,1
Cora,per_node_gold_attack,GCN,350,5,6,1,1
Cora,per_node_gold_attack,GCN,364,1,1,0,0
Cora,per_node_gold_attack,GCN,415,2,2,0,0
Cora,per_node_gold_attack,GCN,429,1,1,0,0
Cora,per_node_gold_attack,GCN,436,1,1,0,0
Cora,per_node_gold_attack,GCN,441,82,89,7,1
Cora,per_node_gold_attack,GCN,454,7,8,1,1
Cora,per_node_gold_attack,GCN,456,13,13,0,0
Cora,per_node_gold_attack,GCN,487,1,1,0,0
Cora,per_node_gold_attack,GCN,505,1,1,0,0
Cora,per_node_gold_attack,GCN,507,3,3,0,0
Cora,per_node_gold_attack,GCN,519,3,2,-1,0
Cora,per_node_gold_attack,GCN,525,1,1,0,0
Cora,per_node_gold_attack,GCN,565,1,1,0,0
Cora,per_node_gold_attack,GCN,577,68,94,26,1
Cora,per_node_gold_attack,GCN,598,1,1,0,0
Cora,per_node_gold_attack,GCN,645,1,1,0,0
Cora,per_node_gold_attack,GCN,657,7,18,11,1
Cora,per_node_gold_attack,GCN,661,1,1,0,0
Cora,per_node_gold_attack,GCN,687,1,1,0,0
Cora,per_node_gold_attack,GCN,733,1,1,0,0
Cora,per_node_gold_attack,GCN,734,21,14,-7,0
Cora,per_node_gold_attack,GCN,736,2,5,3,1
Cora,per_node_gold_attack,GCN,748,1,2,1,1
Cora,per_node_gold_attack,GCN,756,4,6,2,1
Cora,per_node_gold_attack,GCN,963,1,1,0,0
Cora,per_node_gold_attack,GCN,973,1,1,0,0
Cora,per_node_gold_attack,GCN,1013,1,1,0,0
Cora,per_node_gold_attack,GCN,1015,3,3,0,0
Cora,per_node_gold_attack,GCN,1042,1,1,0,0
Cora,per_node_gold_attack,GCN,1050,1,1,0,0
Cora,per_node_gold_attack,GCN,1072,2,2,0,0
Cora,per_node_gold_attack,GCN,1103,1,1,0,0
Cora,per_node_gold_attack,GCN,1119,1,1,0,0
Cora,per_node_gold_attack,GCN,1131,1,1,0,0
Cora,per_node_gold_attack,GCN,1154,1,1,0,0
Cora,per_node_gold_attack,GCN,1169,3,3,0,0
Cora,per_node_gold_attack,GCN,1171,1,1,0,0
Cora,per_node_gold_attack,GCN,1224,1,1,0,0
Cora,per_node_gold_attack,GCN,1229,1,1,0,0
Cora,per_node_gold_attack,GCN,1257,3,1,-2,0
Cora,per_node_gold_attack,GCN,1309,1,1,0,0
Cora,per_node_gold_attack,GCN,1317,1,1,0,0
Cora,per_node_gold_attack,GCN,1351,1,1,0,0
Cora,per_node_gold_attack,GCN,1358,1,1,0,0
Cora,per_node_gold_attack,GCN,1367,18,81,63,1
Cora,per_node_gold_attack,GCN,1413,1,1,0,0
Cora,per_node_gold_attack,GCN,1416,1,1,0,0
Cora,per_node_gold_attack,GCN,1441,2,3,1,1
Cora,per_node_gold_attack,GCN,1483,1,1,0,0
Cora,per_node_gold_attack,GCN,1505,1,1,0,0
Cora,per_node_gold_attack,GCN,1542,3,3,0,0
Cora,per_node_gold_attack,GCN,1583,1,1,0,0
Cora,per_node_gold_attack,GCN,1602,1,1,0,0
Cora,per_node_gold_attack,GCN,1623,1,1,0,0
Cora,per_node_gold_attack,GCN,1624,1,1,0,0
Cora,per_node_gold_attack,GCN,1628,1,1,0,0
Cora,per_node_gold_attack,GCN,1655,1,1,0,0
Cora,per_node_gold_attack,GCN,1682,1,1,0,0
Cora,per_node_gold_attack,GCN,1692,1,2,1,1
Cora,per_node_gold_attack,GCN,1701,1,1,0,0
Cora,per_node_gold_attack,GCN,1702,7,14,7,1
Cora,per_node_gold_attack,GCN,1703,1,1,0,0
Cora,per_node_gold_attack,GCN,1725,3,4,1,1
Cora,per_node_gold_attack,GCN,1740,1,1,0,0
Cora,per_node_gold_attack,GCN,1742,1,1,0,0
Cora,per_node_gold_attack,GCN,1765,1,1,0,0
Cora,per_node_gold_attack,GCN,1776,1,1,0,0
Cora,per_node_gold_attack,GCN,1810,1,1,0,0
Cora,per_node_gold_attack,GCN,1842,1,1,0,0
Cora,per_node_gold_attack,GCN,1869,1,1,0,0
Cora,per_node_gold_attack,GCN,1894,22,33,11,1
Cora,per_node_gold_attack,GCN,1902,13,13,0,0
Cora,per_node_gold_attack,GCN,1912,1,1,0,0
Cora,per_node_gold_attack,GCN,1914,1,1,0,0
Cora,per_node_gold_attack,GCN,1927,1,1,0,0
Cora,per_node_gold_attack,GCN,1950,1,1,0,0
Cora,per_node_gold_attack,GCN,1952,4,4,0,0
Cora,per_node_gold_attack,GCN,1966,2,2,0,0
Cora,per_node_gold_attack,GCN,1973,1,1,0,0
Cora,per_node_gold_attack,GCN,55,1,1,0,0
Cora,per_node_gold_attack,GCN,59,1,1,0,0
Cora,per_node_gold_attack,GCN,65,1,1,0,0
Cora,per_node_gold_attack,GCN,73,5,4,-1,0
Cora,per_node_gold_attack,GCN,88,1,1,0,0
Cora,per_node_gold_attack,GCN,89,1,1,0,0
Cora,per_node_gold_attack,GCN,94,3,4,1,1
Cora,per_node_gold_attack,GCN,95,1,1,0,0
Cora,per_node_gold_attack,GCN,109,3,3,0,0
Cora,per_node_gold_attack,GCN,118,3,3,0,0
Cora,per_node_gold_attack,GCN,154,3,5,2,1
Cora,per_node_gold_attack,GCN,180,1,1,0,0
Cora,per_node_gold_attack,GCN,210,1,1,0,0
Cora,per_node_gold_attack,GCN,218,1,1,0,0
Cora,per_node_gold_attack,GCN,236,1,2,1,1
Cora,per_node_gold_attack,GCN,239,1,1,0,0
Cora,per_node_gold_attack,GCN,279,1,3,2,1
Cora,per_node_gold_attack,GCN,306,1,1,0,0
Cora,per_node_gold_attack,GCN,310,1,1,0,0
Cora,per_node_gold_attack,GCN,316,2,4,2,1
Cora,per_node_gold_attack,GCN,350,5,6,1,1
Cora,per_node_gold_attack,GCN,364,1,1,0,0
Cora,per_node_gold_attack,GCN,415,2,2,0,0
Cora,per_node_gold_attack,GCN,429,1,1,0,0
Cora,per_node_gold_attack,GCN,436,1,1,0,0
Cora,per_node_gold_attack,GCN,441,82,105,23,1
Cora,per_node_gold_attack,GCN,454,7,8,1,1
Cora,per_node_gold_attack,GCN,456,13,18,5,1
Cora,per_node_gold_attack,GCN,487,1,1,0,0
Cora,per_node_gold_attack,GCN,505,1,1,0,0
Cora,per_node_gold_attack,GCN,507,3,3,0,0
Cora,per_node_gold_attack,GCN,519,3,3,0,0
Cora,per_node_gold_attack,GCN,525,1,1,0,0
Cora,per_node_gold_attack,GCN,565,1,1,0,0
Cora,per_node_gold_attack,GCN,577,68,106,38,1
Cora,per_node_gold_attack,GCN,598,1,1,0,0
Cora,per_node_gold_attack,GCN,645,1,1,0,0
Cora,per_node_gold_attack,GCN,657,7,18,11,1
Cora,per_node_gold_attack,GCN,661,1,1,0,0
Cora,per_node_gold_attack,GCN,687,1,1,0,0
Cora,per_node_gold_attack,GCN,733,1,1,0,0
Cora,per_node_gold_attack,GCN,734,21,17,-4,0
Cora,per_node_gold_attack,GCN,736,2,5,3,1
Cora,per_node_gold_attack,GCN,748,1,2,1,1
Cora,per_node_gold_attack,GCN,756,4,6,2,1
Cora,per_node_gold_attack,GCN,963,1,1,0,0
Cora,per_node_gold_attack,GCN,973,1,1,0,0
Cora,per_node_gold_attack,GCN,1013,1,1,0,0
Cora,per_node_gold_attack,GCN,1015,3,3,0,0
Cora,per_node_gold_attack,GCN,1042,1,1,0,0
Cora,per_node_gold_attack,GCN,1050,1,1,0,0
Cora,per_node_gold_attack,GCN,1072,2,2,0,0
Cora,per_node_gold_attack,GCN,1103,1,1,0,0
Cora,per_node_gold_attack,GCN,1119,1,1,0,0
Cora,per_node_gold_attack,GCN,1131,1,1,0,0
Cora,per_node_gold_attack,GCN,1154,1,1,0,0
Cora,per_node_gold_attack,GCN,1169,3,3,0,0
Cora,per_node_gold_attack,GCN,1171,1,1,0,0
Cora,per_node_gold_attack,GCN,1224,1,1,0,0
Cora,per_node_gold_attack,GCN,1229,1,2,1,1
Cora,per_node_gold_attack,GCN,1257,3,1,-2,0
Cora,per_node_gold_attack,GCN,1309,1,1,0,0
Cora,per_node_gold_attack,GCN,1317,1,1,0,0
Cora,per_node_gold_attack,GCN,1351,1,1,0,0
Cora,per_node_gold_attack,GCN,1358,1,1,0,0
Cora,per_node_gold_attack,GCN,1367,18,91,73,1
Cora,per_node_gold_attack,GCN,1413,1,1,0,0
Cora,per_node_gold_attack,GCN,1416,1,1,0,0
Cora,per_node_gold_attack,GCN,1441,2,3,1,1
Cora,per_node_gold_attack,GCN,1483,1,1,0,0
Cora,per_node_gold_attack,GCN,1505,1,1,0,0
Cora,per_node_gold_attack,GCN,1542,3,3,0,0
Cora,per_node_gold_attack,GCN,1583,1,1,0,0
Cora,per_node_gold_attack,GCN,1602,1,1,0,0
Cora,per_node_gold_attack,GCN,1623,1,1,0,0
Cora,per_node_gold_attack,GCN,1624,1,1,0,0
Cora,per_node_gold_attack,GCN,1628,1,1,0,0
Cora,per_node_gold_attack,GCN,1655,1,2,1,1
Cora,per_node_gold_attack,GCN,1682,1,1,0,0
Cora,per_node_gold_attack,GCN,1692,1,2,1,1
Cora,per_node_gold_attack,GCN,1701,1,1,0,0
Cora,per_node_gold_attack,GCN,1702,7,14,7,1
Cora,per_node_gold_attack,GCN,1703,1,1,0,0
Cora,per_node_gold_attack,GCN,1725,3,4,1,1
Cora,per_node_gold_attack,GCN,1740,1,1,0,0
Cora,per_node_gold_attack,GCN,1742,1,1,0,0
Cora,per_node_gold_attack,GCN,1765,1,1,0,0
Cora,per_node_gold_attack,GCN,1776,1,1,0,0
Cora,per_node_gold_attack,GCN,1810,1,1,0,0
Cora,per_node_gold_attack,GCN,1842,1,1,0,0
Cora,per_node_gold_attack,GCN,1869,1,2,1,1
Cora,per_node_gold_attack,GCN,1894,22,36,14,1
Cora,per_node_gold_attack,GCN,1902,13,13,0,0
Cora,per_node_gold_attack,GCN,1912,1,1,0,0
Cora,per_node_gold_attack,GCN,1914,1,1,0,0
Cora,per_node_gold_attack,GCN,1927,1,1,0,0
Cora,per_node_gold_attack,GCN,1950,1,1,0,0
Cora,per_node_gold_attack,GCN,1952,4,5,1,1
Cora,per_node_gold_attack,GCN,1966,2,2,0,0
Cora,per_node_gold_attack,GCN,1973,1,1,0,0
Cora,per_node_gold_attack,GCN,55,1,1,0,0
Cora,per_node_gold_attack,GCN,59,1,1,0,0
Cora,per_node_gold_attack,GCN,65,1,1,0,0
Cora,per_node_gold_attack,GCN,73,5,4,-1,0
Cora,per_node_gold_attack,GCN,88,1,1,0,0
Cora,per_node_gold_attack,GCN,89,1,2,1,1
Cora,per_node_gold_attack,GCN,94,3,4,1,1
Cora,per_node_gold_attack,GCN,95,1,1,0,0
Cora,per_node_gold_attack,GCN,109,3,3,0,0
Cora,per_node_gold_attack,GCN,118,3,3,0,0
Cora,per_node_gold_attack,GCN,154,3,5,2,1
Cora,per_node_gold_attack,GCN,180,1,2,1,1
Cora,per_node_gold_attack,GCN,210,1,1,0,0
Cora,per_node_gold_attack,GCN,218,1,1,0,0
Cora,per_node_gold_attack,GCN,236,1,4,3,1
Cora,per_node_gold_attack,GCN,239,1,1,0,0
Cora,per_node_gold_attack,GCN,279,1,7,6,1
Cora,per_node_gold_attack,GCN,306,1,1,0,0
Cora,per_node_gold_attack,GCN,310,1,2,1,1
Cora,per_node_gold_attack,GCN,316,2,4,2,1
Cora,per_node_gold_attack,GCN,350,5,6,1,1
Cora,per_node_gold_attack,GCN,364,1,1,0,0
Cora,per_node_gold_attack,GCN,415,2,2,0,0
Cora,per_node_gold_attack,GCN,429,1,1,0,0
Cora,per_node_gold_attack,GCN,436,1,1,0,0
Cora,per_node_gold_attack,GCN,441,82,117,35,1
Cora,per_node_gold_attack,GCN,454,7,8,1,1
Cora,per_node_gold_attack,GCN,456,13,42,29,1
Cora,per_node_gold_attack,GCN,487,1,1,0,0
Cora,per_node_gold_attack,GCN,505,1,1,0,0
Cora,per_node_gold_attack,GCN,507,3,3,0,0
Cora,per_node_gold_attack,GCN,519,3,4,1,1
Cora,per_node_gold_attack,GCN,525,1,1,0,0
Cora,per_node_gold_attack,GCN,565,1,1,0,0
Cora,per_node_gold_attack,GCN,577,68,109,41,1
Cora,per_node_gold_attack,GCN,598,1,1,0,0
Cora,per_node_gold_attack,GCN,645,1,1,0,0
Cora,per_node_gold_attack,GCN,657,7,16,9,1
Cora,per_node_gold_attack,GCN,661,1,1,0,0
Cora,per_node_gold_attack,GCN,687,1,1,0,0
Cora,per_node_gold_attack,GCN,733,1,1,0,0
Cora,per_node_gold_attack,GCN,734,21,16,-5,0
Cora,per_node_gold_attack,GCN,736,2,5,3,1
Cora,per_node_gold_attack,GCN,748,1,2,1,1
Cora,per_node_gold_attack,GCN,756,4,6,2,1
Cora,per_node_gold_attack,GCN,963,1,1,0,0
Cora,per_node_gold_attack,GCN,973,1,1,0,0
Cora,per_node_gold_attack,GCN,1013,1,1,0,0
Cora,per_node_gold_attack,GCN,1015,3,3,0,0
Cora,per_node_gold_attack,GCN,1042,1,1,0,0
Cora,per_node_gold_attack,GCN,1050,1,1,0,0
Cora,per_node_gold_attack,GCN,1072,2,2,0,0
Cora,per_node_gold_attack,GCN,1103,1,1,0,0
Cora,per_node_gold_attack,GCN,1119,1,1,0,0
Cora,per_node_gold_attack,GCN,1131,1,1,0,0
Cora,per_node_gold_attack,GCN,1154,1,2,1,1
Cora,per_node_gold_attack,GCN,1169,3,3,0,0
Cora,per_node_gold_attack,GCN,1171,1,1,0,0
Cora,per_node_gold_attack,GCN,1224,1,1,0,0
Cora,per_node_gold_attack,GCN,1229,1,1,0,0
Cora,per_node_gold_attack,GCN,1257,3,1,-2,0
Cora,per_node_gold_attack,GCN,1309,1,1,0,0
Cora,per_node_gold_attack,GCN,1317,1,1,0,0
Cora,per_node_gold_attack,GCN,1351,1,1,0,0
Cora,per_node_gold_attack,GCN,1358,1,1,0,0
Cora,per_node_gold_attack,GCN,1367,18,102,84,1
Cora,per_node_gold_attack,GCN,1413,1,1,0,0
Cora,per_node_gold_attack,GCN,1416,1,1,0,0
Cora,per_node_gold_attack,GCN,1441,2,3,1,1
Cora,per_node_gold_attack,GCN,1483,1,1,0,0
Cora,per_node_gold_attack,GCN,1505,1,1,0,0
Cora,per_node_gold_attack,GCN,1542,3,3,0,0
Cora,per_node_gold_attack,GCN,1583,1,1,0,0
Cora,per_node_gold_attack,GCN,1602,1,1,0,0
Cora,per_node_gold_attack,GCN,1623,1,1,0,0
Cora,per_node_gold_attack,GCN,1624,1,1,0,0
Cora,per_node_gold_attack,GCN,1628,1,1,0,0
Cora,per_node_gold_attack,GCN,1655,1,1,0,0
Cora,per_node_gold_attack,GCN,1682,1,1,0,0
Cora,per_node_gold_attack,GCN,1692,1,2,1,1
Cora,per_node_gold_attack,GCN,1701,1,1,0,0
Cora,per_node_gold_attack,GCN,1702,7,19,12,1
Cora,per_node_gold_attack,GCN,1703,1,1,0,0
Cora,per_node_gold_attack,GCN,1725,3,4,1,1
Cora,per_node_gold_attack,GCN,1740,1,1,0,0
Cora,per_node_gold_attack,GCN,1742,1,1,0,0
Cora,per_node_gold_attack,GCN,1765,1,2,1,1
Cora,per_node_gold_attack,GCN,1776,1,1,0,0
Cora,per_node_gold_attack,GCN,1810,1,1,0,0
Cora,per_node_gold_attack,GCN,1842,1,1,0,0
Cora,per_node_gold_attack,GCN,1869,1,4,3,1
Cora,per_node_gold_attack,GCN,1894,22,36,14,1
Cora,per_node_gold_attack,GCN,1902,13,14,1,1
Cora,per_node_gold_attack,GCN,1912,1,1,0,0
Cora,per_node_gold_attack,GCN,1914,1,1,0,0
Cora,per_node_gold_attack,GCN,1927,1,1,0,0
Cora,per_node_gold_attack,GCN,1950,1,1,0,0
Cora,per_node_gold_attack,GCN,1952,4,5,1,1
Cora,per_node_gold_attack,GCN,1966,2,2,0,0
Cora,per_node_gold_attack,GCN,1973,1,1,0,0
Cora,Proposed Method,GCN,55,1,1,0,0
Cora,Proposed Method,GCN,59,1,1,0,0
Cora,Proposed Method,GCN,65,1,1,0,0
Cora,Proposed Method,GCN,73,5,5,0,0
Cora,Proposed Method,GCN,88,1,1,0,0
Cora,Proposed Method,GCN,89,1,1,0,0
Cora,Proposed Method,GCN,94,3,3,0,0
Cora,Proposed Method,GCN,95,1,1,0,0
Cora,Proposed Method,GCN,109,3,3,0,0
Cora,Proposed Method,GCN,118,3,3,0,0
Cora,Proposed Method,GCN,154,3,4,1,1
Cora,Proposed Method,GCN,180,1,1,0,0
Cora,Proposed Method,GCN,210,1,1,0,0
Cora,Proposed Method,GCN,218,1,1,0,0
Cora,Proposed Method,GCN,236,1,1,0,0
Cora,Proposed Method,GCN,239,1,1,0,0
Cora,Proposed Method,GCN,279,1,1,0,0
Cora,Proposed Method,GCN,306,1,1,0,0
Cora,Proposed Method,GCN,310,1,1,0,0
Cora,Proposed Method,GCN,316,2,2,0,0
Cora,Proposed Method,GCN,350,5,5,0,0
Cora,Proposed Method,GCN,364,1,1,0,0
Cora,Proposed Method,GCN,415,2,2,0,0
Cora,Proposed Method,GCN,429,1,1,0,0
Cora,Proposed Method,GCN,436,1,1,0,0
Cora,Proposed Method,GCN,441,82,81,-1,0
Cora,Proposed Method,GCN,454,7,7,0,0
Cora,Proposed Method,GCN,456,13,13,0,0
Cora,Proposed Method,GCN,487,1,1,0,0
Cora,Proposed Method,GCN,505,1,1,0,0
Cora,Proposed Method,GCN,507,3,3,0,0
Cora,Proposed Method,GCN,519,3,4,1,1
Cora,Proposed Method,GCN,525,1,1,0,0
Cora,Proposed Method,GCN,565,1,1,0,0
Cora,Proposed Method,GCN,577,68,81,13,1
Cora,Proposed Method,GCN,598,1,1,0,0
Cora,Proposed Method,GCN,645,1,1,0,0
Cora,Proposed Method,GCN,657,7,7,0,0
Cora,Proposed Method,GCN,661,1,1,0,0
Cora,Proposed Method,GCN,687,1,1,0,0
Cora,Proposed Method,GCN,733,1,1,0,0
Cora,Proposed Method,GCN,734,21,22,1,1
Cora,Proposed Method,GCN,736,2,2,0,0
Cora,Proposed Method,GCN,748,1,1,0,0
Cora,Proposed Method,GCN,756,4,6,2,1
Cora,Proposed Method,GCN,963,1,1,0,0
Cora,Proposed Method,GCN,973,1,1,0,0
Cora,Proposed Method,GCN,1013,1,1,0,0
Cora,Proposed Method,GCN,1015,3,3,0,0
Cora,Proposed Method,GCN,1042,1,1,0,0
Cora,Proposed Method,GCN,1050,1,1,0,0
Cora,Proposed Method,GCN,1072,2,2,0,0
Cora,Proposed Method,GCN,1103,1,1,0,0
Cora,Proposed Method,GCN,1119,1,1,0,0
Cora,Proposed Method,GCN,1131,1,1,0,0
Cora,Proposed Method,GCN,1154,1,1,0,0
Cora,Proposed Method,GCN,1169,3,3,0,0
Cora,Proposed Method,GCN,1171,1,1,0,0
Cora,Proposed Method,GCN,1224,1,1,0,0
Cora,Proposed Method,GCN,1229,1,1,0,0
Cora,Proposed Method,GCN,1257,3,3,0,0
Cora,Proposed Method,GCN,1309,1,1,0,0
Cora,Proposed Method,GCN,1317,1,1,0,0
Cora,Proposed Method,GCN,1351,1,1,0,0
Cora,Proposed Method,GCN,1358,1,1,0,0
Cora,Proposed Method,GCN,1367,18,19,1,1
Cora,Proposed Method,GCN,1413,1,1,0,0
Cora,Proposed Method,GCN,1416,1,1,0,0
Cora,Proposed Method,GCN,1441,2,2,0,0
Cora,Proposed Method,GCN,1483,1,1,0,0
Cora,Proposed Method,GCN,1505,1,1,0,0
Cora,Proposed Method,GCN,1542,3,3,0,0
Cora,Proposed Method,GCN,1583,1,1,0,0
Cora,Proposed Method,GCN,1602,1,1,0,0
Cora,Proposed Method,GCN,1623,1,1,0,0
Cora,Proposed Method,GCN,1624,1,1,0,0
Cora,Proposed Method,GCN,1628,1,1,0,0
Cora,Proposed Method,GCN,1655,1,1,0,0
Cora,Proposed Method,GCN,1682,1,2,1,1
Cora,Proposed Method,GCN,1692,1,2,1,1
Cora,Proposed Method,GCN,1701,1,1,0,0
Cora,Proposed Method,GCN,1702,7,9,2,1
Cora,Proposed Method,GCN,1703,1,1,0,0
Cora,Proposed Method,GCN,1725,3,4,1,1
Cora,Proposed Method,GCN,1740,1,1,0,0
Cora,Proposed Method,GCN,1742,1,1,0,0
Cora,Proposed Method,GCN,1765,1,3,2,1
Cora,Proposed Method,GCN,1776,1,1,0,0
Cora,Proposed Method,GCN,1810,1,1,0,0
Cora,Proposed Method,GCN,1842,1,1,0,0
Cora,Proposed Method,GCN,1869,1,2,1,1
Cora,Proposed Method,GCN,1894,22,22,0,0
Cora,Proposed Method,GCN,1902,13,13,0,0
Cora,Proposed Method,GCN,1912,1,1,0,0
Cora,Proposed Method,GCN,1914,1,1,0,0
Cora,Proposed Method,GCN,1927,1,1,0,0
Cora,Proposed Method,GCN,1950,1,1,0,0
Cora,Proposed Method,GCN,1952,4,4,0,0
Cora,Proposed Method,GCN,1966,2,1,-1,0
Cora,Proposed Method,GCN,1973,1,1,0,0
Cora,Proposed Method,GCN,55,1,1,0,0
Cora,Proposed Method,GCN,59,1,1,0,0
Cora,Proposed Method,GCN,65,1,1,0,0
Cora,Proposed Method,GCN,73,5,5,0,0
Cora,Proposed Method,GCN,88,1,1,0,0
Cora,Proposed Method,GCN,89,1,1,0,0
Cora,Proposed Method,GCN,94,3,3,0,0
Cora,Proposed Method,GCN,95,1,1,0,0
Cora,Proposed Method,GCN,109,3,3,0,0
Cora,Proposed Method,GCN,118,3,1,-2,0
Cora,Proposed Method,GCN,154,3,3,0,0
Cora,Proposed Method,GCN,180,1,1,0,0
Cora,Proposed Method,GCN,210,1,1,0,0
Cora,Proposed Method,GCN,218,1,1,0,0
Cora,Proposed Method,GCN,236,1,1,0,0
Cora,Proposed Method,GCN,239,1,1,0,0
Cora,Proposed Method,GCN,279,1,1,0,0
Cora,Proposed Method,GCN,306,1,1,0,0
Cora,Proposed Method,GCN,310,1,1,0,0
Cora,Proposed Method,GCN,316,2,2,0,0
Cora,Proposed Method,GCN,350,5,6,1,1
Cora,Proposed Method,GCN,364,1,1,0,0
Cora,Proposed Method,GCN,415,2,2,0,0
Cora,Proposed Method,GCN,429,1,1,0,0
Cora,Proposed Method,GCN,436,1,1,0,0
Cora,Proposed Method,GCN,441,82,87,5,1
Cora,Proposed Method,GCN,454,7,7,0,0
Cora,Proposed Method,GCN,456,13,16,3,1
Cora,Proposed Method,GCN,487,1,1,0,0
Cora,Proposed Method,GCN,505,1,1,0,0
Cora,Proposed Method,GCN,507,3,3,0,0
Cora,Proposed Method,GCN,519,3,4,1,1
Cora,Proposed Method,GCN,525,1,1,0,0
Cora,Proposed Method,GCN,565,1,1,0,0
Cora,Proposed Method,GCN,577,68,104,36,1
Cora,Proposed Method,GCN,598,1,1,0,0
Cora,Proposed Method,GCN,645,1,1,0,0
Cora,Proposed Method,GCN,657,7,7,0,0
Cora,Proposed Method,GCN,661,1,1,0,0
Cora,Proposed Method,GCN,687,1,1,0,0
Cora,Proposed Method,GCN,733,1,1,0,0
Cora,Proposed Method,GCN,734,21,22,1,1
Cora,Proposed Method,GCN,736,2,3,1,1
Cora,Proposed Method,GCN,748,1,2,1,1
Cora,Proposed Method,GCN,756,4,6,2,1
Cora,Proposed Method,GCN,963,1,1,0,0
Cora,Proposed Method,GCN,973,1,1,0,0
Cora,Proposed Method,GCN,1013,1,1,0,0
Cora,Proposed Method,GCN,1015,3,3,0,0
Cora,Proposed Method,GCN,1042,1,1,0,0
Cora,Proposed Method,GCN,1050,1,1,0,0
Cora,Proposed Method,GCN,1072,2,2,0,0
Cora,Proposed Method,GCN,1103,1,1,0,0
Cora,Proposed Method,GCN,1119,1,1,0,0
Cora,Proposed Method,GCN,1131,1,1,0,0
Cora,Proposed Method,GCN,1154,1,1,0,0
Cora,Proposed Method,GCN,1169,3,3,0,0
Cora,Proposed Method,GCN,1171,1,2,1,1
Cora,Proposed Method,GCN,1224,1,1,0,0
Cora,Proposed Method,GCN,1229,1,2,1,1
Cora,Proposed Method,GCN,1257,3,3,0,0
Cora,Proposed Method,GCN,1309,1,1,0,0
Cora,Proposed Method,GCN,1317,1,1,0,0
Cora,Proposed Method,GCN,1351,1,1,0,0
Cora,Proposed Method,GCN,1358,1,1,0,0
Cora,Proposed Method,GCN,1367,18,19,1,1
Cora,Proposed Method,GCN,1413,1,1,0,0
Cora,Proposed Method,GCN,1416,1,1,0,0
Cora,Proposed Method,GCN,1441,2,2,0,0
Cora,Proposed Method,GCN,1483,1,1,0,0
Cora,Proposed Method,GCN,1505,1,1,0,0
Cora,Proposed Method,GCN,1542,3,1,-2,0
Cora,Proposed Method,GCN,1583,1,1,0,0
Cora,Proposed Method,GCN,1602,1,1,0,0
Cora,Proposed Method,GCN,1623,1,1,0,0
Cora,Proposed Method,GCN,1624,1,1,0,0
Cora,Proposed Method,GCN,1628,1,1,0,0
Cora,Proposed Method,GCN,1655,1,1,0,0
Cora,Proposed Method,GCN,1682,1,2,1,1
Cora,Proposed Method,GCN,1692,1,2,1,1
Cora,Proposed Method,GCN,1701,1,1,0,0
Cora,Proposed Method,GCN,1702,7,12,5,1
Cora,Proposed Method,GCN,1703,1,2,1,1
Cora,Proposed Method,GCN,1725,3,3,0,0
Cora,Proposed Method,GCN,1740,1,1,0,0
Cora,Proposed Method,GCN,1742,1,1,0,0
Cora,Proposed Method,GCN,1765,1,3,2,1
Cora,Proposed Method,GCN,1776,1,1,0,0
Cora,Proposed Method,GCN,1810,1,1,0,0
Cora,Proposed Method,GCN,1842,1,1,0,0
Cora,Proposed Method,GCN,1869,1,2,1,1
Cora,Proposed Method,GCN,1894,22,23,1,1
Cora,Proposed Method,GCN,1902,13,13,0,0
Cora,Proposed Method,GCN,1912,1,1,0,0
Cora,Proposed Method,GCN,1914,1,1,0,0
Cora,Proposed Method,GCN,1927,1,1,0,0
Cora,Proposed Method,GCN,1950,1,1,0,0
Cora,Proposed Method,GCN,1952,4,4,0,0
Cora,Proposed Method,GCN,1966,2,1,-1,0
Cora,Proposed Method,GCN,1973,1,1,0,0
Cora,Proposed Method,GCN,55,1,1,0,0
Cora,Proposed Method,GCN,59,1,1,0,0
Cora,Proposed Method,GCN,65,1,1,0,0
Cora,Proposed Method,GCN,73,5,5,0,0
Cora,Proposed Method,GCN,88,1,1,0,0
Cora,Proposed Method,GCN,89,1,1,0,0
Cora,Proposed Method,GCN,94,3,3,0,0
Cora,Proposed Method,GCN,95,1,1,0,0
Cora,Proposed Method,GCN,109,3,3,0,0
Cora,Proposed Method,GCN,118,3,1,-2,0
Cora,Proposed Method,GCN,154,3,3,0,0
Cora,Proposed Method,GCN,180,1,1,0,0
Cora,Proposed Method,GCN,210,1,1,0,0
Cora,Proposed Method,GCN,218,1,1,0,0
Cora,Proposed Method,GCN,236,1,1,0,0
Cora,Proposed Method,GCN,239,1,1,0,0
Cora,Proposed Method,GCN,279,1,1,0,0
Cora,Proposed Method,GCN,306,1,1,0,0
Cora,Proposed Method,GCN,310,1,1,0,0
Cora,Proposed Method,GCN,316,2,2,0,0
Cora,Proposed Method,GCN,350,5,6,1,1
Cora,Proposed Method,GCN,364,1,1,0,0
Cora,Proposed Method,GCN,415,2,2,0,0
Cora,Proposed Method,GCN,429,1,1,0,0
Cora,Proposed Method,GCN,436,1,1,0,0
Cora,Proposed Method,GCN,441,82,87,5,1
Cora,Proposed Method,GCN,454,7,7,0,0
Cora,Proposed Method,GCN,456,13,24,11,1
Cora,Proposed Method,GCN,487,1,1,0,0
Cora,Proposed Method,GCN,505,1,1,0,0
Cora,Proposed Method,GCN,507,3,3,0,0
Cora,Proposed Method,GCN,519,3,4,1,1
Cora,Proposed Method,GCN,525,1,1,0,0
Cora,Proposed Method,GCN,565,1,1,0,0
Cora,Proposed Method,GCN,577,68,104,36,1
Cora,Proposed Method,GCN,598,1,1,0,0
Cora,Proposed Method,GCN,645,1,1,0,0
Cora,Proposed Method,GCN,657,7,7,0,0
Cora,Proposed Method,GCN,661,1,1,0,0
Cora,Proposed Method,GCN,687,1,1,0,0
Cora,Proposed Method,GCN,733,1,1,0,0
Cora,Proposed Method,GCN,734,21,31,10,1
Cora,Proposed Method,GCN,736,2,3,1,1
Cora,Proposed Method,GCN,748,1,2,1,1
Cora,Proposed Method,GCN,756,4,6,2,1
Cora,Proposed Method,GCN,963,1,1,0,0
Cora,Proposed Method,GCN,973,1,1,0,0
Cora,Proposed Method,GCN,1013,1,1,0,0
Cora,Proposed Method,GCN,1015,3,3,0,0
Cora,Proposed Method,GCN,1042,1,1,0,0
Cora,Proposed Method,GCN,1050,1,1,0,0
Cora,Proposed Method,GCN,1072,2,2,0,0
Cora,Proposed Method,GCN,1103,1,2,1,1
Cora,Proposed Method,GCN,1119,1,2,1,1
Cora,Proposed Method,GCN,1131,1,1,0,0
Cora,Proposed Method,GCN,1154,1,1,0,0
Cora,Proposed Method,GCN,1169,3,4,1,1
Cora,Proposed Method,GCN,1171,1,2,1,1
Cora,Proposed Method,GCN,1224,1,1,0,0
Cora,Proposed Method,GCN,1229,1,4,3,1
Cora,Proposed Method,GCN,1257,3,1,-2,0
Cora,Proposed Method,GCN,1309,1,1,0,0
Cora,Proposed Method,GCN,1317,1,1,0,0
Cora,Proposed Method,GCN,1351,1,1,0,0
Cora,Proposed Method,GCN,1358,1,1,0,0
Cora,Proposed Method,GCN,1367,18,20,2,1
Cora,Proposed Method,GCN,1413,1,1,0,0
Cora,Proposed Method,GCN,1416,1,1,0,0
Cora,Proposed Method,GCN,1441,2,3,1,1
Cora,Proposed Method,GCN,1483,1,1,0,0
Cora,Proposed Method,GCN,1505,1,1,0,0
Cora,Proposed Method,GCN,1542,3,1,-2,0
Cora,Proposed Method,GCN,1583,1,1,0,0
Cora,Proposed Method,GCN,1602,1,1,0,0
Cora,Proposed Method,GCN,1623,1,1,0,0
Cora,Proposed Method,GCN,1624,1,1,0,0
Cora,Proposed Method,GCN,1628,1,2,1,1
Cora,Proposed Method,GCN,1655,1,1,0,0
Cora,Proposed Method,GCN,1682,1,1,0,0
Cora,Proposed Method,GCN,1692,1,1,0,0
Cora,Proposed Method,GCN,1701,1,1,0,0
Cora,Proposed Method,GCN,1702,7,12,5,1
Cora,Proposed Method,GCN,1703,1,2,1,1
Cora,Proposed Method,GCN,1725,3,4,1,1
Cora,Proposed Method,GCN,1740,1,1,0,0
Cora,Proposed Method,GCN,1742,1,1,0,0
Cora,Proposed Method,GCN,1765,1,1,0,0
Cora,Proposed Method,GCN,1776,1,1,0,0
Cora,Proposed Method,GCN,1810,1,1,0,0
Cora,Proposed Method,GCN,1842,1,1,0,0
Cora,Proposed Method,GCN,1869,1,1,0,0
Cora,Proposed Method,GCN,1894,22,22,0,0
Cora,Proposed Method,GCN,1902,13,13,0,0
Cora,Proposed Method,GCN,1912,1,1,0,0
Cora,Proposed Method,GCN,1914,1,1,0,0
Cora,Proposed Method,GCN,1927,1,1,0,0
Cora,Proposed Method,GCN,1950,1,1,0,0
Cora,Proposed Method,GCN,1952,4,5,1,1
Cora,Proposed Method,GCN,1966,2,2,0,0
Cora,Proposed Method,GCN,1973,1,1,0,0
Cora,Proposed Method,GCN,55,1,1,0,0
Cora,Proposed Method,GCN,59,1,1,0,0
Cora,Proposed Method,GCN,65,1,1,0,0
Cora,Proposed Method,GCN,73,5,5,0,0
Cora,Proposed Method,GCN,88,1,1,0,0
Cora,Proposed Method,GCN,89,1,1,0,0
Cora,Proposed Method,GCN,94,3,3,0,0
Cora,Proposed Method,GCN,95,1,1,0,0
Cora,Proposed Method,GCN,109,3,3,0,0
Cora,Proposed Method,GCN,118,3,1,-2,0
Cora,Proposed Method,GCN,154,3,4,1,1
Cora,Proposed Method,GCN,180,1,1,0,0
Cora,Proposed Method,GCN,210,1,1,0,0
Cora,Proposed Method,GCN,218,1,1,0,0
Cora,Proposed Method,GCN,236,1,2,1,1
Cora,Proposed Method,GCN,239,1,1,0,0
Cora,Proposed Method,GCN,279,1,1,0,0
Cora,Proposed Method,GCN,306,1,1,0,0
Cora,Proposed Method,GCN,310,1,1,0,0
Cora,Proposed Method,GCN,316,2,3,1,1
Cora,Proposed Method,GCN,350,5,6,1,1
Cora,Proposed Method,GCN,364,1,3,2,1
Cora,Proposed Method,GCN,415,2,2,0,0
Cora,Proposed Method,GCN,429,1,1,0,0
Cora,Proposed Method,GCN,436,1,1,0,0
Cora,Proposed Method,GCN,441,82,90,8,1
Cora,Proposed Method,GCN,454,7,7,0,0
Cora,Proposed Method,GCN,456,13,13,0,0
Cora,Proposed Method,GCN,487,1,1,0,0
Cora,Proposed Method,GCN,505,1,1,0,0
Cora,Proposed Method,GCN,507,3,3,0,0
Cora,Proposed Method,GCN,519,3,4,1,1
Cora,Proposed Method,GCN,525,1,1,0,0
Cora,Proposed Method,GCN,565,1,1,0,0
Cora,Proposed Method,GCN,577,68,115,47,1
Cora,Proposed Method,GCN,598,1,1,0,0
Cora,Proposed Method,GCN,645,1,1,0,0
Cora,Proposed Method,GCN,657,7,7,0,0
Cora,Proposed Method,GCN,661,1,1,0,0
Cora,Proposed Method,GCN,687,1,1,0,0
Cora,Proposed Method,GCN,733,1,1,0,0
Cora,Proposed Method,GCN,734,21,31,10,1
Cora,Proposed Method,GCN,736,2,3,1,1
Cora,Proposed Method,GCN,748,1,1,0,0
Cora,Proposed Method,GCN,756,4,6,2,1
Cora,Proposed Method,GCN,963,1,1,0,0
Cora,Proposed Method,GCN,973,1,1,0,0
Cora,Proposed Method,GCN,1013,1,1,0,0
Cora,Proposed Method,GCN,1015,3,3,0,0
Cora,Proposed Method,GCN,1042,1,1,0,0
Cora,Proposed Method,GCN,1050,1,1,0,0
Cora,Proposed Method,GCN,1072,2,2,0,0
Cora,Proposed Method,GCN,1103,1,2,1,1
Cora,Proposed Method,GCN,1119,1,1,0,0
Cora,Proposed Method,GCN,1131,1,1,0,0
Cora,Proposed Method,GCN,1154,1,1,0,0
Cora,Proposed Method,GCN,1169,3,3,0,0
Cora,Proposed Method,GCN,1171,1,2,1,1
Cora,Proposed Method,GCN,1224,1,1,0,0
Cora,Proposed Method,GCN,1229,1,4,3,1
Cora,Proposed Method,GCN,1257,3,3,0,0
Cora,Proposed Method,GCN,1309,1,1,0,0
Cora,Proposed Method,GCN,1317,1,1,0,0
Cora,Proposed Method,GCN,1351,1,1,0,0
Cora,Proposed Method,GCN,1358,1,1,0,0
Cora,Proposed Method,GCN,1367,18,20,2,1
Cora,Proposed Method,GCN,1413,1,1,0,0
Cora,Proposed Method,GCN,1416,1,1,0,0
Cora,Proposed Method,GCN,1441,2,3,1,1
Cora,Proposed Method,GCN,1483,1,1,0,0
Cora,Proposed Method,GCN,1505,1,1,0,0
Cora,Proposed Method,GCN,1542,3,1,-2,0
Cora,Proposed Method,GCN,1583,1,1,0,0
Cora,Proposed Method,GCN,1602,1,1,0,0
Cora,Proposed Method,GCN,1623,1,1,0,0
Cora,Proposed Method,GCN,1624,1,1,0,0
Cora,Proposed Method,GCN,1628,1,2,1,1
Cora,Proposed Method,GCN,1655,1,1,0,0
Cora,Proposed Method,GCN,1682,1,3,2,1
Cora,Proposed Method,GCN,1692,1,1,0,0
Cora,Proposed Method,GCN,1701,1,1,0,0
Cora,Proposed Method,GCN,1702,7,14,7,1
Cora,Proposed Method,GCN,1703,1,2,1,1
Cora,Proposed Method,GCN,1725,3,4,1,1
Cora,Proposed Method,GCN,1740,1,1,0,0
Cora,Proposed Method,GCN,1742,1,1,0,0
Cora,Proposed Method,GCN,1765,1,1,0,0
Cora,Proposed Method,GCN,1776,1,1,0,0
Cora,Proposed Method,GCN,1810,1,1,0,0
Cora,Proposed Method,GCN,1842,1,1,0,0
Cora,Proposed Method,GCN,1869,1,1,0,0
Cora,Proposed Method,GCN,1894,22,20,-2,0
Cora,Proposed Method,GCN,1902,13,13,0,0
Cora,Proposed Method,GCN,1912,1,1,0,0
Cora,Proposed Method,GCN,1914,1,1,0,0
Cora,Proposed Method,GCN,1927,1,1,0,0
Cora,Proposed Method,GCN,1950,1,1,0,0
Cora,Proposed Method,GCN,1952,4,5,1,1
Cora,Proposed Method,GCN,1966,2,2,0,0
Cora,Proposed Method,GCN,1973,1,1,0,0
Cora,Proposed Method,GCN,55,1,1,0,0
Cora,Proposed Method,GCN,59,1,1,0,0
Cora,Proposed Method,GCN,65,1,1,0,0
Cora,Proposed Method,GCN,73,5,5,0,0
Cora,Proposed Method,GCN,88,1,1,0,0
Cora,Proposed Method,GCN,89,1,1,0,0
Cora,Proposed Method,GCN,94,3,3,0,0
Cora,Proposed Method,GCN,95,1,1,0,0
Cora,Proposed Method,GCN,109,3,3,0,0
Cora,Proposed Method,GCN,118,3,1,-2,0
Cora,Proposed Method,GCN,154,3,4,1,1
Cora,Proposed Method,GCN,180,1,1,0,0
Cora,Proposed Method,GCN,210,1,1,0,0
Cora,Proposed Method,GCN,218,1,1,0,0
Cora,Proposed Method,GCN,236,1,2,1,1
Cora,Proposed Method,GCN,239,1,1,0,0
Cora,Proposed Method,GCN,279,1,1,0,0
Cora,Proposed Method,GCN,306,1,1,0,0
Cora,Proposed Method,GCN,310,1,1,0,0
Cora,Proposed Method,GCN,316,2,3,1,1
Cora,Proposed Method,GCN,350,5,6,1,1
Cora,Proposed Method,GCN,364,1,3,2,1
Cora,Proposed Method,GCN,415,2,2,0,0
Cora,Proposed Method,GCN,429,1,1,0,0
Cora,Proposed Method,GCN,436,1,1,0,0
Cora,Proposed Method,GCN,441,82,103,21,1
Cora,Proposed Method,GCN,454,7,7,0,0
Cora,Proposed Method,GCN,456,13,13,0,0
Cora,Proposed Method,GCN,487,1,1,0,0
Cora,Proposed Method,GCN,505,1,1,0,0
Cora,Proposed Method,GCN,507,3,3,0,0
Cora,Proposed Method,GCN,519,3,6,3,1
Cora,Proposed Method,GCN,525,1,1,0,0
Cora,Proposed Method,GCN,565,1,1,0,0
Cora,Proposed Method,GCN,577,68,119,51,1
Cora,Proposed Method,GCN,598,1,1,0,0
Cora,Proposed Method,GCN,645,1,1,0,0
Cora,Proposed Method,GCN,657,7,7,0,0
Cora,Proposed Method,GCN,661,1,1,0,0
Cora,Proposed Method,GCN,687,1,1,0,0
Cora,Proposed Method,GCN,733,1,2,1,1
Cora,Proposed Method,GCN,734,21,21,0,0
Cora,Proposed Method,GCN,736,2,3,1,1
Cora,Proposed Method,GCN,748,1,1,0,0
Cora,Proposed Method,GCN,756,4,6,2,1
Cora,Proposed Method,GCN,963,1,1,0,0
Cora,Proposed Method,GCN,973,1,1,0,0
Cora,Proposed Method,GCN,1013,1,1,0,0
Cora,Proposed Method,GCN,1015,3,3,0,0
Cora,Proposed Method,GCN,1042,1,1,0,0
Cora,Proposed Method,GCN,1050,1,1,0,0
Cora,Proposed Method,GCN,1072,2,2,0,0
Cora,Proposed Method,GCN,1103,1,2,1,1
Cora,Proposed Method,GCN,1119,1,2,1,1
Cora,Proposed Method,GCN,1131,1,1,0,0
Cora,Proposed Method,GCN,1154,1,1,0,0
Cora,Proposed Method,GCN,1169,3,3,0,0
Cora,Proposed Method,GCN,1171,1,1,0,0
Cora,Proposed Method,GCN,1224,1,1,0,0
Cora,Proposed Method,GCN,1229,1,4,3,1
Cora,Proposed Method,GCN,1257,3,4,1,1
Cora,Proposed Method,GCN,1309,1,1,0,0
Cora,Proposed Method,GCN,1317,1,1,0,0
Cora,Proposed Method,GCN,1351,1,1,0,0
Cora,Proposed Method,GCN,1358,1,1,0,0
Cora,Proposed Method,GCN,1367,18,25,7,1
Cora,Proposed Method,GCN,1413,1,1,0,0
Cora,Proposed Method,GCN,1416,1,1,0,0
Cora,Proposed Method,GCN,1441,2,3,1,1
Cora,Proposed Method,GCN,1483,1,1,0,0
Cora,Proposed Method,GCN,1505,1,1,0,0
Cora,Proposed Method,GCN,1542,3,1,-2,0
Cora,Proposed Method,GCN,1583,1,1,0,0
Cora,Proposed Method,GCN,1602,1,1,0,0
Cora,Proposed Method,GCN,1623,1,1,0,0
Cora,Proposed Method,GCN,1624,1,1,0,0
Cora,Proposed Method,GCN,1628,1,2,1,1
Cora,Proposed Method,GCN,1655,1,1,0,0
Cora,Proposed Method,GCN,1682,1,3,2,1
Cora,Proposed Method,GCN,1692,1,1,0,0
Cora,Proposed Method,GCN,1701,1,1,0,0
Cora,Proposed Method,GCN,1702,7,22,15,1
Cora,Proposed Method,GCN,1703,1,3,2,1
Cora,Proposed Method,GCN,1725,3,4,1,1
Cora,Proposed Method,GCN,1740,1,2,1,1
Cora,Proposed Method,GCN,1742,1,1,0,0
Cora,Proposed Method,GCN,1765,1,2,1,1
Cora,Proposed Method,GCN,1776,1,1,0,0
Cora,Proposed Method,GCN,1810,1,1,0,0
Cora,Proposed Method,GCN,1842,1,2,1,1
Cora,Proposed Method,GCN,1869,1,1,0,0
Cora,Proposed Method,GCN,1894,22,21,-1,0
Cora,Proposed Method,GCN,1902,13,13,0,0
Cora,Proposed Method,GCN,1912,1,1,0,0
Cora,Proposed Method,GCN,1914,1,1,0,0
Cora,Proposed Method,GCN,1927,1,1,0,0
Cora,Proposed Method,GCN,1950,1,1,0,0
Cora,Proposed Method,GCN,1952,4,5,1,1
Cora,Proposed Method,GCN,1966,2,2,0,0
Cora,Proposed Method,GCN,1973,1,1,0,0
Cora,Degree,gca,55,1,1,0,0
Cora,Degree,gca,59,1,1,0,0
Cora,Degree,gca,65,1,1,0,0
Cora,Degree,gca,73,3,3,0,0
Cora,Degree,gca,88,1,1,0,0
Cora,Degree,gca,89,7,9,2,1
Cora,Degree,gca,94,2,4,2,1
Cora,Degree,gca,95,1,1,0,0
Cora,Degree,gca,109,38,38,0,0
Cora,Degree,gca,118,1,3,2,1
Cora,Degree,gca,154,7,6,-1,0
Cora,Degree,gca,180,1,1,0,0
Cora,Degree,gca,210,2,4,2,1
Cora,Degree,gca,218,1,1,0,0
Cora,Degree,gca,236,1,2,1,1
Cora,Degree,gca,239,3,3,0,0
Cora,Degree,gca,279,4,2,-2,0
Cora,Degree,gca,306,15,7,-8,0
Cora,Degree,gca,310,3,1,-2,0
Cora,Degree,gca,316,1,2,1,1
Cora,Degree,gca,350,2,4,2,1
Cora,Degree,gca,364,1,1,0,0
Cora,Degree,gca,415,6,4,-2,0
Cora,Degree,gca,429,1,1,0,0
Cora,Degree,gca,436,1,1,0,0
Cora,Degree,gca,441,177,242,65,1
Cora,Degree,gca,454,1,1,0,0
Cora,Degree,gca,456,2,5,3,1
Cora,Degree,gca,487,1,1,0,0
Cora,Degree,gca,505,1,1,0,0
Cora,Degree,gca,507,3,3,0,0
Cora,Degree,gca,519,2,2,0,0
Cora,Degree,gca,525,2,1,-1,0
Cora,Degree,gca,565,4,4,0,0
Cora,Degree,gca,577,3,4,1,1
Cora,Degree,gca,598,1,1,0,0
Cora,Degree,gca,645,1,1,0,0
Cora,Degree,gca,657,3,8,5,1
Cora,Degree,gca,661,5,10,5,1
Cora,Degree,gca,687,6,7,1,1
Cora,Degree,gca,733,2,3,1,1
Cora,Degree,gca,734,2,2,0,0
Cora,Degree,gca,736,1,2,1,1
Cora,Degree,gca,748,3,2,-1,0
Cora,Degree,gca,756,8,9,1,1
Cora,Degree,gca,963,4,2,-2,0
Cora,Degree,gca,973,1,1,0,0
Cora,Degree,gca,1013,5,5,0,0
Cora,Degree,gca,1015,14,8,-6,0
Cora,Degree,gca,1042,2,3,1,1
Cora,Degree,gca,1050,4,3,-1,0
Cora,Degree,gca,1072,10,6,-4,0
Cora,Degree,gca,1103,4,6,2,1
Cora,Degree,gca,1119,4,5,1,1
Cora,Degree,gca,1131,1,1,0,0
Cora,Degree,gca,1154,2,2,0,0
Cora,Degree,gca,1169,2,1,-1,0
Cora,Degree,gca,1171,4,7,3,1
Cora,Degree,gca,1224,1,1,0,0
Cora,Degree,gca,1229,2,4,2,1
Cora,Degree,gca,1257,2,3,1,1
Cora,Degree,gca,1309,1,2,1,1
Cora,Degree,gca,1317,2,3,1,1
Cora,Degree,gca,1351,1,1,0,0
Cora,Degree,gca,1358,3,2,-1,0
Cora,Degree,gca,1367,2,15,13,1
Cora,Degree,gca,1413,6,3,-3,0
Cora,Degree,gca,1416,1,1,0,0
Cora,Degree,gca,1441,3,6,3,1
Cora,Degree,gca,1483,6,4,-2,0
Cora,Degree,gca,1505,3,1,-2,0
Cora,Degree,gca,1542,3,1,-2,0
Cora,Degree,gca,1583,1,1,0,0
Cora,Degree,gca,1602,1,2,1,1
Cora,Degree,gca,1623,3,1,-2,0
Cora,Degree,gca,1624,1,1,0,0
Cora,Degree,gca,1628,1,1,0,0
Cora,Degree,gca,1655,1,1,0,0
Cora,Degree,gca,1682,1,1,0,0
Cora,Degree,gca,1692,1,1,0,0
Cora,Degree,gca,1701,6,1,-5,0
Cora,Degree,gca,1702,1,6,5,1
Cora,Degree,gca,1703,1,1,0,0
Cora,Degree,gca,1725,1,1,0,0
Cora,Degree,gca,1740,1,2,1,1
Cora,Degree,gca,1742,1,2,1,1
Cora,Degree,gca,1765,1,1,0,0
Cora,Degree,gca,1776,1,1,0,0
Cora,Degree,gca,1810,1,1,0,0
Cora,Degree,gca,1842,1,7,6,1
Cora,Degree,gca,1869,4,1,-3,0
Cora,Degree,gca,1894,1,1,0,0
Cora,Degree,gca,1902,3,5,2,1
Cora,Degree,gca,1912,1,1,0,0
Cora,Degree,gca,1914,1,1,0,0
Cora,Degree,gca,1927,2,1,-1,0
Cora,Degree,gca,1950,9,9,0,0
Cora,Degree,gca,1952,3,1,-2,0
Cora,Degree,gca,1966,2,2,0,0
Cora,Degree,gca,1973,1,1,0,0
Cora,Degree,gca,55,1,1,0,0
Cora,Degree,gca,59,1,1,0,0
Cora,Degree,gca,65,1,1,0,0
Cora,Degree,gca,73,3,2,-1,0
Cora,Degree,gca,88,1,1,0,0
Cora,Degree,gca,89,7,12,5,1
Cora,Degree,gca,94,2,3,1,1
Cora,Degree,gca,95,1,1,0,0
Cora,Degree,gca,109,38,38,0,0
Cora,Degree,gca,118,1,4,3,1
Cora,Degree,gca,154,7,6,-1,0
Cora,Degree,gca,180,1,1,0,0
Cora,Degree,gca,210,2,3,1,1
Cora,Degree,gca,218,1,1,0,0
Cora,Degree,gca,236,1,2,1,1
Cora,Degree,gca,239,3,3,0,0
Cora,Degree,gca,279,4,2,-2,0
Cora,Degree,gca,306,15,9,-6,0
Cora,Degree,gca,310,3,2,-1,0
Cora,Degree,gca,316,1,2,1,1
Cora,Degree,gca,350,2,4,2,1
Cora,Degree,gca,364,1,1,0,0
Cora,Degree,gca,415,6,4,-2,0
Cora,Degree,gca,429,1,1,0,0
Cora,Degree,gca,436,1,1,0,0
Cora,Degree,gca,441,177,263,86,1
Cora,Degree,gca,454,1,1,0,0
Cora,Degree,gca,456,2,5,3,1
Cora,Degree,gca,487,1,1,0,0
Cora,Degree,gca,505,1,1,0,0
Cora,Degree,gca,507,3,3,0,0
Cora,Degree,gca,519,2,2,0,0
Cora,Degree,gca,525,2,1,-1,0
Cora,Degree,gca,565,4,4,0,0
Cora,Degree,gca,577,3,3,0,0
Cora,Degree,gca,598,1,1,0,0
Cora,Degree,gca,645,1,1,0,0
Cora,Degree,gca,657,3,8,5,1
Cora,Degree,gca,661,5,10,5,1
Cora,Degree,gca,687,6,11,5,1
Cora,Degree,gca,733,2,3,1,1
Cora,Degree,gca,734,2,2,0,0
Cora,Degree,gca,736,1,1,0,0
Cora,Degree,gca,748,3,3,0,0
Cora,Degree,gca,756,8,8,0,0
Cora,Degree,gca,963,4,2,-2,0
Cora,Degree,gca,973,1,1,0,0
Cora,Degree,gca,1013,5,7,2,1
Cora,Degree,gca,1015,14,7,-7,0
Cora,Degree,gca,1042,2,2,0,0
Cora,Degree,gca,1050,4,3,-1,0
Cora,Degree,gca,1072,10,5,-5,0
Cora,Degree,gca,1103,4,6,2,1
Cora,Degree,gca,1119,4,4,0,0
Cora,Degree,gca,1131,1,1,0,0
Cora,Degree,gca,1154,2,3,1,1
Cora,Degree,gca,1169,2,1,-1,0
Cora,Degree,gca,1171,4,1,-3,0
Cora,Degree,gca,1224,1,1,0,0
Cora,Degree,gca,1229,2,4,2,1
Cora,Degree,gca,1257,2,3,1,1
Cora,Degree,gca,1309,1,1,0,0
Cora,Degree,gca,1317,2,2,0,0
Cora,Degree,gca,1351,1,1,0,0
Cora,Degree,gca,1358,3,2,-1,0
Cora,Degree,gca,1367,2,21,19,1
Cora,Degree,gca,1413,6,8,2,1
Cora,Degree,gca,1416,1,1,0,0
Cora,Degree,gca,1441,3,4,1,1
Cora,Degree,gca,1483,6,4,-2,0
Cora,Degree,gca,1505,3,2,-1,0
Cora,Degree,gca,1542,3,1,-2,0
Cora,Degree,gca,1583,1,1,0,0
Cora,Degree,gca,1602,1,1,0,0
Cora,Degree,gca,1623,3,1,-2,0
Cora,Degree,gca,1624,1,1,0,0
Cora,Degree,gca,1628,1,1,0,0
Cora,Degree,gca,1655,1,1,0,0
Cora,Degree,gca,1682,1,2,1,1
Cora,Degree,gca,1692,1,1,0,0
Cora,Degree,gca,1701,6,1,-5,0
Cora,Degree,gca,1702,1,8,7,1
Cora,Degree,gca,1703,1,1,0,0
Cora,Degree,gca,1725,1,1,0,0
Cora,Degree,gca,1740,1,2,1,1
Cora,Degree,gca,1742,1,1,0,0
Cora,Degree,gca,1765,1,2,1,1
Cora,Degree,gca,1776,1,1,0,0
Cora,Degree,gca,1810,1,1,0,0
Cora,Degree,gca,1842,1,6,5,1
Cora,Degree,gca,1869,4,1,-3,0
Cora,Degree,gca,1894,1,1,0,0
Cora,Degree,gca,1902,3,5,2,1
Cora,Degree,gca,1912,1,1,0,0
Cora,Degree,gca,1914,1,1,0,0
Cora,Degree,gca,1927,2,1,-1,0
Cora,Degree,gca,1950,9,9,0,0
Cora,Degree,gca,1952,3,3,0,0
Cora,Degree,gca,1966,2,3,1,1
Cora,Degree,gca,1973,1,1,0,0
Cora,Degree,gca,55,1,1,0,0
Cora,Degree,gca,59,1,1,0,0
Cora,Degree,gca,65,1,1,0,0
Cora,Degree,gca,73,3,3,0,0
Cora,Degree,gca,88,1,1,0,0
Cora,Degree,gca,89,7,12,5,1
Cora,Degree,gca,94,2,6,4,1
Cora,Degree,gca,95,1,1,0,0
Cora,Degree,gca,109,38,37,-1,0
Cora,Degree,gca,118,1,4,3,1
Cora,Degree,gca,154,7,6,-1,0
Cora,Degree,gca,180,1,3,2,1
Cora,Degree,gca,210,2,6,4,1
Cora,Degree,gca,218,1,1,0,0
Cora,Degree,gca,236,1,2,1,1
Cora,Degree,gca,239,3,4,1,1
Cora,Degree,gca,279,4,2,-2,0
Cora,Degree,gca,306,15,9,-6,0
Cora,Degree,gca,310,3,1,-2,0
Cora,Degree,gca,316,1,4,3,1
Cora,Degree,gca,350,2,5,3,1
Cora,Degree,gca,364,1,1,0,0
Cora,Degree,gca,415,6,4,-2,0
Cora,Degree,gca,429,1,1,0,0
Cora,Degree,gca,436,1,1,0,0
Cora,Degree,gca,441,177,272,95,1
Cora,Degree,gca,454,1,1,0,0
Cora,Degree,gca,456,2,5,3,1
Cora,Degree,gca,487,1,1,0,0
Cora,Degree,gca,505,1,1,0,0
Cora,Degree,gca,507,3,3,0,0
Cora,Degree,gca,519,2,2,0,0
Cora,Degree,gca,525,2,1,-1,0
Cora,Degree,gca,565,4,4,0,0
Cora,Degree,gca,577,3,3,0,0
Cora,Degree,gca,598,1,1,0,0
Cora,Degree,gca,645,1,1,0,0
Cora,Degree,gca,657,3,7,4,1
Cora,Degree,gca,661,5,9,4,1
Cora,Degree,gca,687,6,14,8,1
Cora,Degree,gca,733,2,3,1,1
Cora,Degree,gca,734,2,2,0,0
Cora,Degree,gca,736,1,2,1,1
Cora,Degree,gca,748,3,2,-1,0
Cora,Degree,gca,756,8,9,1,1
Cora,Degree,gca,963,4,4,0,0
Cora,Degree,gca,973,1,1,0,0
Cora,Degree,gca,1013,5,7,2,1
Cora,Degree,gca,1015,14,7,-7,0
Cora,Degree,gca,1042,2,2,0,0
Cora,Degree,gca,1050,4,4,0,0
Cora,Degree,gca,1072,10,5,-5,0
Cora,Degree,gca,1103,4,5,1,1
Cora,Degree,gca,1119,4,4,0,0
Cora,Degree,gca,1131,1,1,0,0
Cora,Degree,gca,1154,2,2,0,0
Cora,Degree,gca,1169,2,1,-1,0
Cora,Degree,gca,1171,4,5,1,1
Cora,Degree,gca,1224,1,1,0,0
Cora,Degree,gca,1229,2,1,-1,0
Cora,Degree,gca,1257,2,3,1,1
Cora,Degree,gca,1309,1,2,1,1
Cora,Degree,gca,1317,2,2,0,0
Cora,Degree,gca,1351,1,1,0,0
Cora,Degree,gca,1358,3,1,-2,0
Cora,Degree,gca,1367,2,21,19,1
Cora,Degree,gca,1413,6,3,-3,0
Cora,Degree,gca,1416,1,1,0,0
Cora,Degree,gca,1441,3,4,1,1
Cora,Degree,gca,1483,6,3,-3,0
Cora,Degree,gca,1505,3,3,0,0
Cora,Degree,gca,1542,3,1,-2,0
Cora,Degree,gca,1583,1,1,0,0
Cora,Degree,gca,1602,1,1,0,0
Cora,Degree,gca,1623,3,1,-2,0
Cora,Degree,gca,1624,1,1,0,0
Cora,Degree,gca,1628,1,1,0,0
Cora,Degree,gca,1655,1,1,0,0
Cora,Degree,gca,1682,1,2,1,1
Cora,Degree,gca,1692,1,1,0,0
Cora,Degree,gca,1701,6,1,-5,0
Cora,Degree,gca,1702,1,9,8,1
Cora,Degree,gca,1703,1,1,0,0
Cora,Degree,gca,1725,1,1,0,0
Cora,Degree,gca,1740,1,2,1,1
Cora,Degree,gca,1742,1,1,0,0
Cora,Degree,gca,1765,1,2,1,1
Cora,Degree,gca,1776,1,1,0,0
Cora,Degree,gca,1810,1,1,0,0
Cora,Degree,gca,1842,1,5,4,1
Cora,Degree,gca,1869,4,1,-3,0
Cora,Degree,gca,1894,1,1,0,0
Cora,Degree,gca,1902,3,4,1,1
Cora,Degree,gca,1912,1,1,0,0
Cora,Degree,gca,1914,1,1,0,0
Cora,Degree,gca,1927,2,1,-1,0
Cora,Degree,gca,1950,9,9,0,0
Cora,Degree,gca,1952,3,3,0,0
Cora,Degree,gca,1966,2,3,1,1
Cora,Degree,gca,1973,1,1,0,0
Cora,Degree,gca,55,1,1,0,0
Cora,Degree,gca,59,1,1,0,0
Cora,Degree,gca,65,1,1,0,0
Cora,Degree,gca,73,3,3,0,0
Cora,Degree,gca,88,1,1,0,0
Cora,Degree,gca,89,7,11,4,1
Cora,Degree,gca,94,2,8,6,1
Cora,Degree,gca,95,1,1,0,0
Cora,Degree,gca,109,38,37,-1,0
Cora,Degree,gca,118,1,2,1,1
Cora,Degree,gca,154,7,6,-1,0
Cora,Degree,gca,180,1,2,1,1
Cora,Degree,gca,210,2,3,1,1
Cora,Degree,gca,218,1,1,0,0
Cora,Degree,gca,236,1,1,0,0
Cora,Degree,gca,239,3,4,1,1
Cora,Degree,gca,279,4,2,-2,0
Cora,Degree,gca,306,15,9,-6,0
Cora,Degree,gca,310,3,1,-2,0
Cora,Degree,gca,316,1,4,3,1
Cora,Degree,gca,350,2,7,5,1
Cora,Degree,gca,364,1,1,0,0
Cora,Degree,gca,415,6,4,-2,0
Cora,Degree,gca,429,1,1,0,0
Cora,Degree,gca,436,1,1,0,0
Cora,Degree,gca,441,177,256,79,1
Cora,Degree,gca,454,1,1,0,0
Cora,Degree,gca,456,2,5,3,1
Cora,Degree,gca,487,1,1,0,0
Cora,Degree,gca,505,1,3,2,1
Cora,Degree,gca,507,3,5,2,1
Cora,Degree,gca,519,2,2,0,0
Cora,Degree,gca,525,2,1,-1,0
Cora,Degree,gca,565,4,6,2,1
Cora,Degree,gca,577,3,3,0,0
Cora,Degree,gca,598,1,1,0,0
Cora,Degree,gca,645,1,1,0,0
Cora,Degree,gca,657,3,11,8,1
Cora,Degree,gca,661,5,9,4,1
Cora,Degree,gca,687,6,14,8,1
Cora,Degree,gca,733,2,3,1,1
Cora,Degree,gca,734,2,2,0,0
Cora,Degree,gca,736,1,2,1,1
Cora,Degree,gca,748,3,1,-2,0
Cora,Degree,gca,756,8,8,0,0
Cora,Degree,gca,963,4,6,2,1
Cora,Degree,gca,973,1,1,0,0
Cora,Degree,gca,1013,5,5,0,0
Cora,Degree,gca,1015,14,7,-7,0
Cora,Degree,gca,1042,2,2,0,0
Cora,Degree,gca,1050,4,6,2,1
Cora,Degree,gca,1072,10,11,1,1
Cora,Degree,gca,1103,4,5,1,1
Cora,Degree,gca,1119,4,3,-1,0
Cora,Degree,gca,1131,1,1,0,0
Cora,Degree,gca,1154,2,3,1,1
Cora,Degree,gca,1169,2,1,-1,0
Cora,Degree,gca,1171,4,3,-1,0
Cora,Degree,gca,1224,1,1,0,0
Cora,Degree,gca,1229,2,1,-1,0
Cora,Degree,gca,1257,2,2,0,0
Cora,Degree,gca,1309,1,1,0,0
Cora,Degree,gca,1317,2,2,0,0
Cora,Degree,gca,1351,1,1,0,0
Cora,Degree,gca,1358,3,1,-2,0
Cora,Degree,gca,1367,2,20,18,1
Cora,Degree,gca,1413,6,3,-3,0
Cora,Degree,gca,1416,1,1,0,0
Cora,Degree,gca,1441,3,6,3,1
Cora,Degree,gca,1483,6,3,-3,0
Cora,Degree,gca,1505,3,3,0,0
Cora,Degree,gca,1542,3,1,-2,0
Cora,Degree,gca,1583,1,2,1,1
Cora,Degree,gca,1602,1,1,0,0
Cora,Degree,gca,1623,3,1,-2,0
Cora,Degree,gca,1624,1,1,0,0
Cora,Degree,gca,1628,1,1,0,0
Cora,Degree,gca,1655,1,1,0,0
Cora,Degree,gca,1682,1,2,1,1
Cora,Degree,gca,1692,1,1,0,0
Cora,Degree,gca,1701,6,1,-5,0
Cora,Degree,gca,1702,1,8,7,1
Cora,Degree,gca,1703,1,1,0,0
Cora,Degree,gca,1725,1,1,0,0
Cora,Degree,gca,1740,1,2,1,1
Cora,Degree,gca,1742,1,1,0,0
Cora,Degree,gca,1765,1,2,1,1
Cora,Degree,gca,1776,1,1,0,0
Cora,Degree,gca,1810,1,1,0,0
Cora,Degree,gca,1842,1,7,6,1
Cora,Degree,gca,1869,4,1,-3,0
Cora,Degree,gca,1894,1,1,0,0
Cora,Degree,gca,1902,3,5,2,1
Cora,Degree,gca,1912,1,1,0,0
Cora,Degree,gca,1914,1,1,0,0
Cora,Degree,gca,1927,2,1,-1,0
Cora,Degree,gca,1950,9,9,0,0
Cora,Degree,gca,1952,3,3,0,0
Cora,Degree,gca,1966,2,3,1,1
Cora,Degree,gca,1973,1,1,0,0
Cora,Degree,gca,55,1,1,0,0
Cora,Degree,gca,59,1,1,0,0
Cora,Degree,gca,65,1,1,0,0
Cora,Degree,gca,73,3,3,0,0
Cora,Degree,gca,88,1,1,0,0
Cora,Degree,gca,89,7,11,4,1
Cora,Degree,gca,94,2,9,7,1
Cora,Degree,gca,95,1,1,0,0
Cora,Degree,gca,109,38,37,-1,0
Cora,Degree,gca,118,1,1,0,0
Cora,Degree,gca,154,7,6,-1,0
Cora,Degree,gca,180,1,1,0,0
Cora,Degree,gca,210,2,3,1,1
Cora,Degree,gca,218,1,1,0,0
Cora,Degree,gca,236,1,4,3,1
Cora,Degree,gca,239,3,3,0,0
Cora,Degree,gca,279,4,4,0,0
Cora,Degree,gca,306,15,11,-4,0
Cora,Degree,gca,310,3,1,-2,0
Cora,Degree,gca,316,1,4,3,1
Cora,Degree,gca,350,2,7,5,1
Cora,Degree,gca,364,1,1,0,0
Cora,Degree,gca,415,6,4,-2,0
Cora,Degree,gca,429,1,1,0,0
Cora,Degree,gca,436,1,1,0,0
Cora,Degree,gca,441,177,214,37,1
Cora,Degree,gca,454,1,1,0,0
Cora,Degree,gca,456,2,5,3,1
Cora,Degree,gca,487,1,1,0,0
Cora,Degree,gca,505,1,1,0,0
Cora,Degree,gca,507,3,5,2,1
Cora,Degree,gca,519,2,3,1,1
Cora,Degree,gca,525,2,1,-1,0
Cora,Degree,gca,565,4,5,1,1
Cora,Degree,gca,577,3,3,0,0
Cora,Degree,gca,598,1,1,0,0
Cora,Degree,gca,645,1,1,0,0
Cora,Degree,gca,657,3,11,8,1
Cora,Degree,gca,661,5,9,4,1
Cora,Degree,gca,687,6,14,8,1
Cora,Degree,gca,733,2,3,1,1
Cora,Degree,gca,734,2,2,0,0
Cora,Degree,gca,736,1,2,1,1
Cora,Degree,gca,748,3,1,-2,0
Cora,Degree,gca,756,8,8,0,0
Cora,Degree,gca,963,4,6,2,1
Cora,Degree,gca,973,1,1,0,0
Cora,Degree,gca,1013,5,5,0,0
Cora,Degree,gca,1015,14,7,-7,0
Cora,Degree,gca,1042,2,2,0,0
Cora,Degree,gca,1050,4,4,0,0
Cora,Degree,gca,1072,10,11,1,1
Cora,Degree,gca,1103,4,5,1,1
Cora,Degree,gca,1119,4,4,0,0
Cora,Degree,gca,1131,1,1,0,0
Cora,Degree,gca,1154,2,4,2,1
Cora,Degree,gca,1169,2,1,-1,0
Cora,Degree,gca,1171,4,2,-2,0
Cora,Degree,gca,1224,1,1,0,0
Cora,Degree,gca,1229,2,3,1,1
Cora,Degree,gca,1257,2,2,0,0
Cora,Degree,gca,1309,1,1,0,0
Cora,Degree,gca,1317,2,2,0,0
Cora,Degree,gca,1351,1,1,0,0
Cora,Degree,gca,1358,3,1,-2,0
Cora,Degree,gca,1367,2,23,21,1
Cora,Degree,gca,1413,6,3,-3,0
Cora,Degree,gca,1416,1,1,0,0
Cora,Degree,gca,1441,3,6,3,1
Cora,Degree,gca,1483,6,2,-4,0
Cora,Degree,gca,1505,3,2,-1,0
Cora,Degree,gca,1542,3,1,-2,0
Cora,Degree,gca,1583,1,1,0,0
Cora,Degree,gca,1602,1,1,0,0
Cora,Degree,gca,1623,3,1,-2,0
Cora,Degree,gca,1624,1,1,0,0
Cora,Degree,gca,1628,1,1,0,0
Cora,Degree,gca,1655,1,1,0,0
Cora,Degree,gca,1682,1,2,1,1
Cora,Degree,gca,1692,1,1,0,0
Cora,Degree,gca,1701,6,1,-5,0
Cora,Degree,gca,1702,1,8,7,1
Cora,Degree,gca,1703,1,1,0,0
Cora,Degree,gca,1725,1,1,0,0
Cora,Degree,gca,1740,1,2,1,1
Cora,Degree,gca,1742,1,2,1,1
Cora,Degree,gca,1765,1,1,0,0
Cora,Degree,gca,1776,1,1,0,0
Cora,Degree,gca,1810,1,1,0,0
Cora,Degree,gca,1842,1,7,6,1
Cora,Degree,gca,1869,4,3,-1,0
Cora,Degree,gca,1894,1,1,0,0
Cora,Degree,gca,1902,3,5,2,1
Cora,Degree,gca,1912,1,1,0,0
Cora,Degree,gca,1914,1,1,0,0
Cora,Degree,gca,1927,2,1,-1,0
Cora,Degree,gca,1950,9,9,0,0
Cora,Degree,gca,1952,3,3,0,0
Cora,Degree,gca,1966,2,4,2,1
Cora,Degree,gca,1973,1,1,0,0
Cora,per_node_gold_attack,gca,55,1,1,0,0
Cora,per_node_gold_attack,gca,59,1,1,0,0
Cora,per_node_gold_attack,gca,65,1,1,0,0
Cora,per_node_gold_attack,gca,73,3,3,0,0
Cora,per_node_gold_attack,gca,88,1,1,0,0
Cora,per_node_gold_attack,gca,89,7,7,0,0
Cora,per_node_gold_attack,gca,94,2,5,3,1
Cora,per_node_gold_attack,gca,95,1,1,0,0
Cora,per_node_gold_attack,gca,109,38,55,17,1
Cora,per_node_gold_attack,gca,118,1,1,0,0
Cora,per_node_gold_attack,gca,154,7,6,-1,0
Cora,per_node_gold_attack,gca,180,1,1,0,0
Cora,per_node_gold_attack,gca,210,2,4,2,1
Cora,per_node_gold_attack,gca,218,1,1,0,0
Cora,per_node_gold_attack,gca,236,1,2,1,1
Cora,per_node_gold_attack,gca,239,3,3,0,0
Cora,per_node_gold_attack,gca,279,4,3,-1,0
Cora,per_node_gold_attack,gca,306,15,7,-8,0
Cora,per_node_gold_attack,gca,310,3,1,-2,0
Cora,per_node_gold_attack,gca,316,1,2,1,1
Cora,per_node_gold_attack,gca,350,2,4,2,1
Cora,per_node_gold_attack,gca,364,1,1,0,0
Cora,per_node_gold_attack,gca,415,6,4,-2,0
Cora,per_node_gold_attack,gca,429,1,1,0,0
Cora,per_node_gold_attack,gca,436,1,1,0,0
Cora,per_node_gold_attack,gca,441,177,263,86,1
Cora,per_node_gold_attack,gca,454,1,1,0,0
Cora,per_node_gold_attack,gca,456,2,5,3,1
Cora,per_node_gold_attack,gca,487,1,2,1,1
Cora,per_node_gold_attack,gca,505,1,1,0,0
Cora,per_node_gold_attack,gca,507,3,3,0,0
Cora,per_node_gold_attack,gca,519,2,2,0,0
Cora,per_node_gold_attack,gca,525,2,1,-1,0
Cora,per_node_gold_attack,gca,565,4,4,0,0
Cora,per_node_gold_attack,gca,577,3,4,1,1
Cora,per_node_gold_attack,gca,598,1,1,0,0
Cora,per_node_gold_attack,gca,645,1,1,0,0
Cora,per_node_gold_attack,gca,657,3,11,8,1
Cora,per_node_gold_attack,gca,661,5,10,5,1
Cora,per_node_gold_attack,gca,687,6,5,-1,0
Cora,per_node_gold_attack,gca,733,2,5,3,1
Cora,per_node_gold_attack,gca,734,2,2,0,0
Cora,per_node_gold_attack,gca,736,1,2,1,1
Cora,per_node_gold_attack,gca,748,3,2,-1,0
Cora,per_node_gold_attack,gca,756,8,9,1,1
Cora,per_node_gold_attack,gca,963,4,1,-3,0
Cora,per_node_gold_attack,gca,973,1,1,0,0
Cora,per_node_gold_attack,gca,1013,5,7,2,1
Cora,per_node_gold_attack,gca,1015,14,28,14,1
Cora,per_node_gold_attack,gca,1042,2,3,1,1
Cora,per_node_gold_attack,gca,1050,4,3,-1,0
Cora,per_node_gold_attack,gca,1072,10,5,-5,0
Cora,per_node_gold_attack,gca,1103,4,7,3,1
Cora,per_node_gold_attack,gca,1119,4,5,1,1
Cora,per_node_gold_attack,gca,1131,1,1,0,0
Cora,per_node_gold_attack,gca,1154,2,3,1,1
Cora,per_node_gold_attack,gca,1169,2,1,-1,0
Cora,per_node_gold_attack,gca,1171,4,7,3,1
Cora,per_node_gold_attack,gca,1224,1,1,0,0
Cora,per_node_gold_attack,gca,1229,2,3,1,1
Cora,per_node_gold_attack,gca,1257,2,3,1,1
Cora,per_node_gold_attack,gca,1309,1,1,0,0
Cora,per_node_gold_attack,gca,1317,2,2,0,0
Cora,per_node_gold_attack,gca,1351,1,1,0,0
Cora,per_node_gold_attack,gca,1358,3,2,-1,0
Cora,per_node_gold_attack,gca,1367,2,14,12,1
Cora,per_node_gold_attack,gca,1413,6,3,-3,0
Cora,per_node_gold_attack,gca,1416,1,1,0,0
Cora,per_node_gold_attack,gca,1441,3,6,3,1
Cora,per_node_gold_attack,gca,1483,6,5,-1,0
Cora,per_node_gold_attack,gca,1505,3,2,-1,0
Cora,per_node_gold_attack,gca,1542,3,1,-2,0
Cora,per_node_gold_attack,gca,1583,1,1,0,0
Cora,per_node_gold_attack,gca,1602,1,7,6,1
Cora,per_node_gold_attack,gca,1623,3,1,-2,0
Cora,per_node_gold_attack,gca,1624,1,1,0,0
Cora,per_node_gold_attack,gca,1628,1,1,0,0
Cora,per_node_gold_attack,gca,1655,1,1,0,0
Cora,per_node_gold_attack,gca,1682,1,1,0,0
Cora,per_node_gold_attack,gca,1692,1,1,0,0
Cora,per_node_gold_attack,gca,1701,6,1,-5,0
Cora,per_node_gold_attack,gca,1702,1,5,4,1
Cora,per_node_gold_attack,gca,1703,1,1,0,0
Cora,per_node_gold_attack,gca,1725,1,1,0,0
Cora,per_node_gold_attack,gca,1740,1,2,1,1
Cora,per_node_gold_attack,gca,1742,1,2,1,1
Cora,per_node_gold_attack,gca,1765,1,1,0,0
Cora,per_node_gold_attack,gca,1776,1,1,0,0
Cora,per_node_gold_attack,gca,1810,1,1,0,0
Cora,per_node_gold_attack,gca,1842,1,5,4,1
Cora,per_node_gold_attack,gca,1869,4,3,-1,0
Cora,per_node_gold_attack,gca,1894,1,1,0,0
Cora,per_node_gold_attack,gca,1902,3,5,2,1
Cora,per_node_gold_attack,gca,1912,1,1,0,0
Cora,per_node_gold_attack,gca,1914,1,1,0,0
Cora,per_node_gold_attack,gca,1927,2,1,-1,0
Cora,per_node_gold_attack,gca,1950,9,9,0,0
Cora,per_node_gold_attack,gca,1952,3,2,-1,0
Cora,per_node_gold_attack,gca,1966,2,3,1,1
Cora,per_node_gold_attack,gca,1973,1,1,0,0
Cora,per_node_gold_attack,gca,55,1,1,0,0
Cora,per_node_gold_attack,gca,59,1,1,0,0
Cora,per_node_gold_attack,gca,65,1,1,0,0
Cora,per_node_gold_attack,gca,73,3,2,-1,0
Cora,per_node_gold_attack,gca,88,1,1,0,0
Cora,per_node_gold_attack,gca,89,7,10,3,1
Cora,per_node_gold_attack,gca,94,2,6,4,1
Cora,per_node_gold_attack,gca,95,1,1,0,0
Cora,per_node_gold_attack,gca,109,38,60,22,1
Cora,per_node_gold_attack,gca,118,1,1,0,0
Cora,per_node_gold_attack,gca,154,7,7,0,0
Cora,per_node_gold_attack,gca,180,1,1,0,0
Cora,per_node_gold_attack,gca,210,2,4,2,1
Cora,per_node_gold_attack,gca,218,1,1,0,0
Cora,per_node_gold_attack,gca,236,1,1,0,0
Cora,per_node_gold_attack,gca,239,3,2,-1,0
Cora,per_node_gold_attack,gca,279,4,5,1,1
Cora,per_node_gold_attack,gca,306,15,7,-8,0
Cora,per_node_gold_attack,gca,310,3,1,-2,0
Cora,per_node_gold_attack,gca,316,1,4,3,1
Cora,per_node_gold_attack,gca,350,2,4,2,1
Cora,per_node_gold_attack,gca,364,1,2,1,1
Cora,per_node_gold_attack,gca,415,6,4,-2,0
Cora,per_node_gold_attack,gca,429,1,1,0,0
Cora,per_node_gold_attack,gca,436,1,1,0,0
Cora,per_node_gold_attack,gca,441,177,280,103,1
Cora,per_node_gold_attack,gca,454,1,1,0,0
Cora,per_node_gold_attack,gca,456,2,5,3,1
Cora,per_node_gold_attack,gca,487,1,2,1,1
Cora,per_node_gold_attack,gca,505,1,1,0,0
Cora,per_node_gold_attack,gca,507,3,3,0,0
Cora,per_node_gold_attack,gca,519,2,2,0,0
Cora,per_node_gold_attack,gca,525,2,1,-1,0
Cora,per_node_gold_attack,gca,565,4,5,1,1
Cora,per_node_gold_attack,gca,577,3,4,1,1
Cora,per_node_gold_attack,gca,598,1,1,0,0
Cora,per_node_gold_attack,gca,645,1,1,0,0
Cora,per_node_gold_attack,gca,657,3,11,8,1
Cora,per_node_gold_attack,gca,661,5,12,7,1
Cora,per_node_gold_attack,gca,687,6,5,-1,0
Cora,per_node_gold_attack,gca,733,2,5,3,1
Cora,per_node_gold_attack,gca,734,2,2,0,0
Cora,per_node_gold_attack,gca,736,1,2,1,1
Cora,per_node_gold_attack,gca,748,3,1,-2,0
Cora,per_node_gold_attack,gca,756,8,9,1,1
Cora,per_node_gold_attack,gca,963,4,2,-2,0
Cora,per_node_gold_attack,gca,973,1,1,0,0
Cora,per_node_gold_attack,gca,1013,5,8,3,1
Cora,per_node_gold_attack,gca,1015,14,23,9,1
Cora,per_node_gold_attack,gca,1042,2,3,1,1
Cora,per_node_gold_attack,gca,1050,4,5,1,1
Cora,per_node_gold_attack,gca,1072,10,5,-5,0
Cora,per_node_gold_attack,gca,1103,4,8,4,1
Cora,per_node_gold_attack,gca,1119,4,5,1,1
Cora,per_node_gold_attack,gca,1131,1,1,0,0
Cora,per_node_gold_attack,gca,1154,2,3,1,1
Cora,per_node_gold_attack,gca,1169,2,1,-1,0
Cora,per_node_gold_attack,gca,1171,4,8,4,1
Cora,per_node_gold_attack,gca,1224,1,1,0,0
Cora,per_node_gold_attack,gca,1229,2,4,2,1
Cora,per_node_gold_attack,gca,1257,2,2,0,0
Cora,per_node_gold_attack,gca,1309,1,1,0,0
Cora,per_node_gold_attack,gca,1317,2,2,0,0
Cora,per_node_gold_attack,gca,1351,1,1,0,0
Cora,per_node_gold_attack,gca,1358,3,2,-1,0
Cora,per_node_gold_attack,gca,1367,2,15,13,1
Cora,per_node_gold_attack,gca,1413,6,4,-2,0
Cora,per_node_gold_attack,gca,1416,1,1,0,0
Cora,per_node_gold_attack,gca,1441,3,6,3,1
Cora,per_node_gold_attack,gca,1483,6,5,-1,0
Cora,per_node_gold_attack,gca,1505,3,2,-1,0
Cora,per_node_gold_attack,gca,1542,3,1,-2,0
Cora,per_node_gold_attack,gca,1583,1,1,0,0
Cora,per_node_gold_attack,gca,1602,1,10,9,1
Cora,per_node_gold_attack,gca,1623,3,1,-2,0
Cora,per_node_gold_attack,gca,1624,1,1,0,0
Cora,per_node_gold_attack,gca,1628,1,1,0,0
Cora,per_node_gold_attack,gca,1655,1,1,0,0
Cora,per_node_gold_attack,gca,1682,1,1,0,0
Cora,per_node_gold_attack,gca,1692,1,1,0,0
Cora,per_node_gold_attack,gca,1701,6,1,-5,0
Cora,per_node_gold_attack,gca,1702,1,8,7,1
Cora,per_node_gold_attack,gca,1703,1,1,0,0
Cora,per_node_gold_attack,gca,1725,1,1,0,0
Cora,per_node_gold_attack,gca,1740,1,2,1,1
Cora,per_node_gold_attack,gca,1742,1,2,1,1
Cora,per_node_gold_attack,gca,1765,1,1,0,0
Cora,per_node_gold_attack,gca,1776,1,1,0,0
Cora,per_node_gold_attack,gca,1810,1,1,0,0
Cora,per_node_gold_attack,gca,1842,1,6,5,1
Cora,per_node_gold_attack,gca,1869,4,4,0,0
Cora,per_node_gold_attack,gca,1894,1,1,0,0
Cora,per_node_gold_attack,gca,1902,3,6,3,1
Cora,per_node_gold_attack,gca,1912,1,1,0,0
Cora,per_node_gold_attack,gca,1914,1,1,0,0
Cora,per_node_gold_attack,gca,1927,2,2,0,0
Cora,per_node_gold_attack,gca,1950,9,9,0,0
Cora,per_node_gold_attack,gca,1952,3,3,0,0
Cora,per_node_gold_attack,gca,1966,2,3,1,1
Cora,per_node_gold_attack,gca,1973,1,1,0,0
Cora,per_node_gold_attack,gca,55,1,1,0,0
Cora,per_node_gold_attack,gca,59,1,1,0,0
Cora,per_node_gold_attack,gca,65,1,1,0,0
Cora,per_node_gold_attack,gca,73,3,2,-1,0
Cora,per_node_gold_attack,gca,88,1,1,0,0
Cora,per_node_gold_attack,gca,89,7,11,4,1
Cora,per_node_gold_attack,gca,94,2,7,5,1
Cora,per_node_gold_attack,gca,95,1,1,0,0
Cora,per_node_gold_attack,gca,109,38,60,22,1
Cora,per_node_gold_attack,gca,118,1,1,0,0
Cora,per_node_gold_attack,gca,154,7,7,0,0
Cora,per_node_gold_attack,gca,180,1,1,0,0
Cora,per_node_gold_attack,gca,210,2,7,5,1
Cora,per_node_gold_attack,gca,218,1,1,0,0
Cora,per_node_gold_attack,gca,236,1,1,0,0
Cora,per_node_gold_attack,gca,239,3,2,-1,0
Cora,per_node_gold_attack,gca,279,4,7,3,1
Cora,per_node_gold_attack,gca,306,15,7,-8,0
Cora,per_node_gold_attack,gca,310,3,1,-2,0
Cora,per_node_gold_attack,gca,316,1,4,3,1
Cora,per_node_gold_attack,gca,350,2,4,2,1
Cora,per_node_gold_attack,gca,364,1,1,0,0
Cora,per_node_gold_attack,gca,415,6,4,-2,0
Cora,per_node_gold_attack,gca,429,1,1,0,0
Cora,per_node_gold_attack,gca,436,1,1,0,0
Cora,per_node_gold_attack,gca,441,177,289,112,1
Cora,per_node_gold_attack,gca,454,1,1,0,0
Cora,per_node_gold_attack,gca,456,2,5,3,1
Cora,per_node_gold_attack,gca,487,1,2,1,1
Cora,per_node_gold_attack,gca,505,1,1,0,0
Cora,per_node_gold_attack,gca,507,3,3,0,0
Cora,per_node_gold_attack,gca,519,2,2,0,0
Cora,per_node_gold_attack,gca,525,2,1,-1,0
Cora,per_node_gold_attack,gca,565,4,5,1,1
Cora,per_node_gold_attack,gca,577,3,4,1,1
Cora,per_node_gold_attack,gca,598,1,1,0,0
Cora,per_node_gold_attack,gca,645,1,1,0,0
Cora,per_node_gold_attack,gca,657,3,11,8,1
Cora,per_node_gold_attack,gca,661,5,17,12,1
Cora,per_node_gold_attack,gca,687,6,5,-1,0
Cora,per_node_gold_attack,gca,733,2,5,3,1
Cora,per_node_gold_attack,gca,734,2,2,0,0
Cora,per_node_gold_attack,gca,736,1,2,1,1
Cora,per_node_gold_attack,gca,748,3,1,-2,0
Cora,per_node_gold_attack,gca,756,8,9,1,1
Cora,per_node_gold_attack,gca,963,4,2,-2,0
Cora,per_node_gold_attack,gca,973,1,1,0,0
Cora,per_node_gold_attack,gca,1013,5,7,2,1
Cora,per_node_gold_attack,gca,1015,14,26,12,1
Cora,per_node_gold_attack,gca,1042,2,3,1,1
Cora,per_node_gold_attack,gca,1050,4,7,3,1
Cora,per_node_gold_attack,gca,1072,10,5,-5,0
Cora,per_node_gold_attack,gca,1103,4,8,4,1
Cora,per_node_gold_attack,gca,1119,4,4,0,0
Cora,per_node_gold_attack,gca,1131,1,1,0,0
Cora,per_node_gold_attack,gca,1154,2,3,1,1
Cora,per_node_gold_attack,gca,1169,2,1,-1,0
Cora,per_node_gold_attack,gca,1171,4,23,19,1
Cora,per_node_gold_attack,gca,1224,1,1,0,0
Cora,per_node_gold_attack,gca,1229,2,3,1,1
Cora,per_node_gold_attack,gca,1257,2,3,1,1
Cora,per_node_gold_attack,gca,1309,1,1,0,0
Cora,per_node_gold_attack,gca,1317,2,3,1,1
Cora,per_node_gold_attack,gca,1351,1,1,0,0
Cora,per_node_gold_attack,gca,1358,3,2,-1,0
Cora,per_node_gold_attack,gca,1367,2,23,21,1
Cora,per_node_gold_attack,gca,1413,6,6,0,0
Cora,per_node_gold_attack,gca,1416,1,1,0,0
Cora,per_node_gold_attack,gca,1441,3,6,3,1
Cora,per_node_gold_attack,gca,1483,6,5,-1,0
Cora,per_node_gold_attack,gca,1505,3,2,-1,0
Cora,per_node_gold_attack,gca,1542,3,1,-2,0
Cora,per_node_gold_attack,gca,1583,1,1,0,0
Cora,per_node_gold_attack,gca,1602,1,17,16,1
Cora,per_node_gold_attack,gca,1623,3,1,-2,0
Cora,per_node_gold_attack,gca,1624,1,1,0,0
Cora,per_node_gold_attack,gca,1628,1,1,0,0
Cora,per_node_gold_attack,gca,1655,1,1,0,0
Cora,per_node_gold_attack,gca,1682,1,1,0,0
Cora,per_node_gold_attack,gca,1692,1,1,0,0
Cora,per_node_gold_attack,gca,1701,6,1,-5,0
Cora,per_node_gold_attack,gca,1702,1,8,7,1
Cora,per_node_gold_attack,gca,1703,1,1,0,0
Cora,per_node_gold_attack,gca,1725,1,2,1,1
Cora,per_node_gold_attack,gca,1740,1,2,1,1
Cora,per_node_gold_attack,gca,1742,1,2,1,1
Cora,per_node_gold_attack,gca,1765,1,1,0,0
Cora,per_node_gold_attack,gca,1776,1,1,0,0
Cora,per_node_gold_attack,gca,1810,1,1,0,0
Cora,per_node_gold_attack,gca,1842,1,4,3,1
Cora,per_node_gold_attack,gca,1869,4,4,0,0
Cora,per_node_gold_attack,gca,1894,1,1,0,0
Cora,per_node_gold_attack,gca,1902,3,7,4,1
Cora,per_node_gold_attack,gca,1912,1,1,0,0
Cora,per_node_gold_attack,gca,1914,1,1,0,0
Cora,per_node_gold_attack,gca,1927,2,3,1,1
Cora,per_node_gold_attack,gca,1950,9,10,1,1
Cora,per_node_gold_attack,gca,1952,3,2,-1,0
Cora,per_node_gold_attack,gca,1966,2,3,1,1
Cora,per_node_gold_attack,gca,1973,1,1,0,0
Cora,per_node_gold_attack,gca,55,1,1,0,0
Cora,per_node_gold_attack,gca,59,1,1,0,0
Cora,per_node_gold_attack,gca,65,1,1,0,0
Cora,per_node_gold_attack,gca,73,3,2,-1,0
Cora,per_node_gold_attack,gca,88,1,1,0,0
Cora,per_node_gold_attack,gca,89,7,12,5,1
Cora,per_node_gold_attack,gca,94,2,7,5,1
Cora,per_node_gold_attack,gca,95,1,1,0,0
Cora,per_node_gold_attack,gca,109,38,63,25,1
Cora,per_node_gold_attack,gca,118,1,4,3,1
Cora,per_node_gold_attack,gca,154,7,5,-2,0
Cora,per_node_gold_attack,gca,180,1,1,0,0
Cora,per_node_gold_attack,gca,210,2,4,2,1
Cora,per_node_gold_attack,gca,218,1,1,0,0
Cora,per_node_gold_attack,gca,236,1,3,2,1
Cora,per_node_gold_attack,gca,239,3,2,-1,0
Cora,per_node_gold_attack,gca,279,4,7,3,1
Cora,per_node_gold_attack,gca,306,15,7,-8,0
Cora,per_node_gold_attack,gca,310,3,2,-1,0
Cora,per_node_gold_attack,gca,316,1,4,3,1
Cora,per_node_gold_attack,gca,350,2,4,2,1
Cora,per_node_gold_attack,gca,364,1,1,0,0
Cora,per_node_gold_attack,gca,415,6,4,-2,0
Cora,per_node_gold_attack,gca,429,1,1,0,0
Cora,per_node_gold_attack,gca,436,1,1,0,0
Cora,per_node_gold_attack,gca,441,177,301,124,1
Cora,per_node_gold_attack,gca,454,1,1,0,0
Cora,per_node_gold_attack,gca,456,2,6,4,1
Cora,per_node_gold_attack,gca,487,1,3,2,1
Cora,per_node_gold_attack,gca,505,1,1,0,0
Cora,per_node_gold_attack,gca,507,3,3,0,0
Cora,per_node_gold_attack,gca,519,2,1,-1,0
Cora,per_node_gold_attack,gca,525,2,2,0,0
Cora,per_node_gold_attack,gca,565,4,5,1,1
Cora,per_node_gold_attack,gca,577,3,4,1,1
Cora,per_node_gold_attack,gca,598,1,1,0,0
Cora,per_node_gold_attack,gca,645,1,2,1,1
Cora,per_node_gold_attack,gca,657,3,11,8,1
Cora,per_node_gold_attack,gca,661,5,29,24,1
Cora,per_node_gold_attack,gca,687,6,5,-1,0
Cora,per_node_gold_attack,gca,733,2,5,3,1
Cora,per_node_gold_attack,gca,734,2,2,0,0
Cora,per_node_gold_attack,gca,736,1,2,1,1
Cora,per_node_gold_attack,gca,748,3,1,-2,0
Cora,per_node_gold_attack,gca,756,8,9,1,1
Cora,per_node_gold_attack,gca,963,4,2,-2,0
Cora,per_node_gold_attack,gca,973,1,1,0,0
Cora,per_node_gold_attack,gca,1013,5,8,3,1
Cora,per_node_gold_attack,gca,1015,14,27,13,1
Cora,per_node_gold_attack,gca,1042,2,3,1,1
Cora,per_node_gold_attack,gca,1050,4,7,3,1
Cora,per_node_gold_attack,gca,1072,10,5,-5,0
Cora,per_node_gold_attack,gca,1103,4,8,4,1
Cora,per_node_gold_attack,gca,1119,4,4,0,0
Cora,per_node_gold_attack,gca,1131,1,1,0,0
Cora,per_node_gold_attack,gca,1154,2,3,1,1
Cora,per_node_gold_attack,gca,1169,2,1,-1,0
Cora,per_node_gold_attack,gca,1171,4,23,19,1
Cora,per_node_gold_attack,gca,1224,1,1,0,0
Cora,per_node_gold_attack,gca,1229,2,4,2,1
Cora,per_node_gold_attack,gca,1257,2,3,1,1
Cora,per_node_gold_attack,gca,1309,1,1,0,0
Cora,per_node_gold_attack,gca,1317,2,3,1,1
Cora,per_node_gold_attack,gca,1351,1,1,0,0
Cora,per_node_gold_attack,gca,1358,3,2,-1,0
Cora,per_node_gold_attack,gca,1367,2,23,21,1
Cora,per_node_gold_attack,gca,1413,6,8,2,1
Cora,per_node_gold_attack,gca,1416,1,1,0,0
Cora,per_node_gold_attack,gca,1441,3,6,3,1
Cora,per_node_gold_attack,gca,1483,6,6,0,0
Cora,per_node_gold_attack,gca,1505,3,3,0,0
Cora,per_node_gold_attack,gca,1542,3,1,-2,0
Cora,per_node_gold_attack,gca,1583,1,2,1,1
Cora,per_node_gold_attack,gca,1602,1,21,20,1
Cora,per_node_gold_attack,gca,1623,3,1,-2,0
Cora,per_node_gold_attack,gca,1624,1,1,0,0
Cora,per_node_gold_attack,gca,1628,1,1,0,0
Cora,per_node_gold_attack,gca,1655,1,1,0,0
Cora,per_node_gold_attack,gca,1682,1,1,0,0
Cora,per_node_gold_attack,gca,1692,1,2,1,1
Cora,per_node_gold_attack,gca,1701,6,1,-5,0
Cora,per_node_gold_attack,gca,1702,1,8,7,1
Cora,per_node_gold_attack,gca,1703,1,1,0,0
Cora,per_node_gold_attack,gca,1725,1,2,1,1
Cora,per_node_gold_attack,gca,1740,1,2,1,1
Cora,per_node_gold_attack,gca,1742,1,2,1,1
Cora,per_node_gold_attack,gca,1765,1,1,0,0
Cora,per_node_gold_attack,gca,1776,1,1,0,0
Cora,per_node_gold_attack,gca,1810,1,1,0,0
Cora,per_node_gold_attack,gca,1842,1,4,3,1
Cora,per_node_gold_attack,gca,1869,4,4,0,0
Cora,per_node_gold_attack,gca,1894,1,2,1,1
Cora,per_node_gold_attack,gca,1902,3,8,5,1
Cora,per_node_gold_attack,gca,1912,1,1,0,0
Cora,per_node_gold_attack,gca,1914,1,1,0,0
Cora,per_node_gold_attack,gca,1927,2,3,1,1
Cora,per_node_gold_attack,gca,1950,9,12,3,1
Cora,per_node_gold_attack,gca,1952,3,2,-1,0
Cora,per_node_gold_attack,gca,1966,2,3,1,1
Cora,per_node_gold_attack,gca,1973,1,1,0,0
Cora,per_node_gold_attack,gca,55,1,1,0,0
Cora,per_node_gold_attack,gca,59,1,1,0,0
Cora,per_node_gold_attack,gca,65,1,2,1,1
Cora,per_node_gold_attack,gca,73,3,2,-1,0
Cora,per_node_gold_attack,gca,88,1,1,0,0
Cora,per_node_gold_attack,gca,89,7,14,7,1
Cora,per_node_gold_attack,gca,94,2,9,7,1
Cora,per_node_gold_attack,gca,95,1,1,0,0
Cora,per_node_gold_attack,gca,109,38,67,29,1
Cora,per_node_gold_attack,gca,118,1,1,0,0
Cora,per_node_gold_attack,gca,154,7,5,-2,0
Cora,per_node_gold_attack,gca,180,1,1,0,0
Cora,per_node_gold_attack,gca,210,2,2,0,0
Cora,per_node_gold_attack,gca,218,1,1,0,0
Cora,per_node_gold_attack,gca,236,1,6,5,1
Cora,per_node_gold_attack,gca,239,3,3,0,0
Cora,per_node_gold_attack,gca,279,4,9,5,1
Cora,per_node_gold_attack,gca,306,15,7,-8,0
Cora,per_node_gold_attack,gca,310,3,2,-1,0
Cora,per_node_gold_attack,gca,316,1,4,3,1
Cora,per_node_gold_attack,gca,350,2,4,2,1
Cora,per_node_gold_attack,gca,364,1,1,0,0
Cora,per_node_gold_attack,gca,415,6,4,-2,0
Cora,per_node_gold_attack,gca,429,1,1,0,0
Cora,per_node_gold_attack,gca,436,1,1,0,0
Cora,per_node_gold_attack,gca,441,177,351,174,1
Cora,per_node_gold_attack,gca,454,1,1,0,0
Cora,per_node_gold_attack,gca,456,2,12,10,1
Cora,per_node_gold_attack,gca,487,1,2,1,1
Cora,per_node_gold_attack,gca,505,1,1,0,0
Cora,per_node_gold_attack,gca,507,3,3,0,0
Cora,per_node_gold_attack,gca,519,2,2,0,0
Cora,per_node_gold_attack,gca,525,2,2,0,0
Cora,per_node_gold_attack,gca,565,4,5,1,1
Cora,per_node_gold_attack,gca,577,3,4,1,1
Cora,per_node_gold_attack,gca,598,1,1,0,0
Cora,per_node_gold_attack,gca,645,1,3,2,1
Cora,per_node_gold_attack,gca,657,3,11,8,1
Cora,per_node_gold_attack,gca,661,5,35,30,1
Cora,per_node_gold_attack,gca,687,6,7,1,1
Cora,per_node_gold_attack,gca,733,2,5,3,1
Cora,per_node_gold_attack,gca,734,2,2,0,0
Cora,per_node_gold_attack,gca,736,1,2,1,1
Cora,per_node_gold_attack,gca,748,3,1,-2,0
Cora,per_node_gold_attack,gca,756,8,9,1,1
Cora,per_node_gold_attack,gca,963,4,2,-2,0
Cora,per_node_gold_attack,gca,973,1,1,0,0
Cora,per_node_gold_attack,gca,1013,5,8,3,1
Cora,per_node_gold_attack,gca,1015,14,28,14,1
Cora,per_node_gold_attack,gca,1042,2,3,1,1
Cora,per_node_gold_attack,gca,1050,4,2,-2,0
Cora,per_node_gold_attack,gca,1072,10,5,-5,0
Cora,per_node_gold_attack,gca,1103,4,8,4,1
Cora,per_node_gold_attack,gca,1119,4,4,0,0
Cora,per_node_gold_attack,gca,1131,1,1,0,0
Cora,per_node_gold_attack,gca,1154,2,3,1,1
Cora,per_node_gold_attack,gca,1169,2,1,-1,0
Cora,per_node_gold_attack,gca,1171,4,25,21,1
Cora,per_node_gold_attack,gca,1224,1,1,0,0
Cora,per_node_gold_attack,gca,1229,2,3,1,1
Cora,per_node_gold_attack,gca,1257,2,3,1,1
Cora,per_node_gold_attack,gca,1309,1,2,1,1
Cora,per_node_gold_attack,gca,1317,2,3,1,1
Cora,per_node_gold_attack,gca,1351,1,1,0,0
Cora,per_node_gold_attack,gca,1358,3,2,-1,0
Cora,per_node_gold_attack,gca,1367,2,27,25,1
Cora,per_node_gold_attack,gca,1413,6,10,4,1
Cora,per_node_gold_attack,gca,1416,1,2,1,1
Cora,per_node_gold_attack,gca,1441,3,7,4,1
Cora,per_node_gold_attack,gca,1483,6,8,2,1
Cora,per_node_gold_attack,gca,1505,3,1,-2,0
Cora,per_node_gold_attack,gca,1542,3,1,-2,0
Cora,per_node_gold_attack,gca,1583,1,2,1,1
Cora,per_node_gold_attack,gca,1602,1,20,19,1
Cora,per_node_gold_attack,gca,1623,3,1,-2,0
Cora,per_node_gold_attack,gca,1624,1,1,0,0
Cora,per_node_gold_attack,gca,1628,1,1,0,0
Cora,per_node_gold_attack,gca,1655,1,1,0,0
Cora,per_node_gold_attack,gca,1682,1,1,0,0
Cora,per_node_gold_attack,gca,1692,1,1,0,0
Cora,per_node_gold_attack,gca,1701,6,1,-5,0
Cora,per_node_gold_attack,gca,1702,1,8,7,1
Cora,per_node_gold_attack,gca,1703,1,1,0,0
Cora,per_node_gold_attack,gca,1725,1,1,0,0
Cora,per_node_gold_attack,gca,1740,1,2,1,1
Cora,per_node_gold_attack,gca,1742,1,2,1,1
Cora,per_node_gold_attack,gca,1765,1,1,0,0
Cora,per_node_gold_attack,gca,1776,1,1,0,0
Cora,per_node_gold_attack,gca,1810,1,1,0,0
Cora,per_node_gold_attack,gca,1842,1,5,4,1
Cora,per_node_gold_attack,gca,1869,4,7,3,1
Cora,per_node_gold_attack,gca,1894,1,5,4,1
Cora,per_node_gold_attack,gca,1902,3,12,9,1
Cora,per_node_gold_attack,gca,1912,1,1,0,0
Cora,per_node_gold_attack,gca,1914,1,1,0,0
Cora,per_node_gold_attack,gca,1927,2,4,2,1
Cora,per_node_gold_attack,gca,1950,9,12,3,1
Cora,per_node_gold_attack,gca,1952,3,3,0,0
Cora,per_node_gold_attack,gca,1966,2,3,1,1
Cora,per_node_gold_attack,gca,1973,1,1,0,0
Cora,Proposed Method,gca,55,1,1,0,0
Cora,Proposed Method,gca,59,1,1,0,0
Cora,Proposed Method,gca,65,1,1,0,0
Cora,Proposed Method,gca,73,3,2,-1,0
Cora,Proposed Method,gca,88,1,1,0,0
Cora,Proposed Method,gca,89,7,7,0,0
Cora,Proposed Method,gca,94,2,3,1,1
Cora,Proposed Method,gca,95,1,1,0,0
Cora,Proposed Method,gca,109,38,55,17,1
Cora,Proposed Method,gca,118,1,1,0,0
Cora,Proposed Method,gca,154,7,7,0,0
Cora,Proposed Method,gca,180,1,1,0,0
Cora,Proposed Method,gca,210,2,1,-1,0
Cora,Proposed Method,gca,218,1,1,0,0
Cora,Proposed Method,gca,236,1,2,1,1
Cora,Proposed Method,gca,239,3,3,0,0
Cora,Proposed Method,gca,279,4,2,-2,0
Cora,Proposed Method,gca,306,15,7,-8,0
Cora,Proposed Method,gca,310,3,1,-2,0
Cora,Proposed Method,gca,316,1,1,0,0
Cora,Proposed Method,gca,350,2,2,0,0
Cora,Proposed Method,gca,364,1,2,1,1
Cora,Proposed Method,gca,415,6,4,-2,0
Cora,Proposed Method,gca,429,1,1,0,0
Cora,Proposed Method,gca,436,1,1,0,0
Cora,Proposed Method,gca,441,177,243,66,1
Cora,Proposed Method,gca,454,1,1,0,0
Cora,Proposed Method,gca,456,2,5,3,1
Cora,Proposed Method,gca,487,1,1,0,0
Cora,Proposed Method,gca,505,1,1,0,0
Cora,Proposed Method,gca,507,3,3,0,0
Cora,Proposed Method,gca,519,2,2,0,0
Cora,Proposed Method,gca,525,2,1,-1,0
Cora,Proposed Method,gca,565,4,4,0,0
Cora,Proposed Method,gca,577,3,3,0,0
Cora,Proposed Method,gca,598,1,1,0,0
Cora,Proposed Method,gca,645,1,1,0,0
Cora,Proposed Method,gca,657,3,8,5,1
Cora,Proposed Method,gca,661,5,6,1,1
Cora,Proposed Method,gca,687,6,4,-2,0
Cora,Proposed Method,gca,733,2,4,2,1
Cora,Proposed Method,gca,734,2,2,0,0
Cora,Proposed Method,gca,736,1,1,0,0
Cora,Proposed Method,gca,748,3,2,-1,0
Cora,Proposed Method,gca,756,8,9,1,1
Cora,Proposed Method,gca,963,4,1,-3,0
Cora,Proposed Method,gca,973,1,1,0,0
Cora,Proposed Method,gca,1013,5,5,0,0
Cora,Proposed Method,gca,1015,14,15,1,1
Cora,Proposed Method,gca,1042,2,2,0,0
Cora,Proposed Method,gca,1050,4,5,1,1
Cora,Proposed Method,gca,1072,10,6,-4,0
Cora,Proposed Method,gca,1103,4,6,2,1
Cora,Proposed Method,gca,1119,4,4,0,0
Cora,Proposed Method,gca,1131,1,1,0,0
Cora,Proposed Method,gca,1154,2,3,1,1
Cora,Proposed Method,gca,1169,2,1,-1,0
Cora,Proposed Method,gca,1171,4,7,3,1
Cora,Proposed Method,gca,1224,1,1,0,0
Cora,Proposed Method,gca,1229,2,4,2,1
Cora,Proposed Method,gca,1257,2,3,1,1
Cora,Proposed Method,gca,1309,1,2,1,1
Cora,Proposed Method,gca,1317,2,3,1,1
Cora,Proposed Method,gca,1351,1,1,0,0
Cora,Proposed Method,gca,1358,3,2,-1,0
Cora,Proposed Method,gca,1367,2,12,10,1
Cora,Proposed Method,gca,1413,6,3,-3,0
Cora,Proposed Method,gca,1416,1,1,0,0
Cora,Proposed Method,gca,1441,3,6,3,1
Cora,Proposed Method,gca,1483,6,11,5,1
Cora,Proposed Method,gca,1505,3,1,-2,0
Cora,Proposed Method,gca,1542,3,1,-2,0
Cora,Proposed Method,gca,1583,1,1,0,0
Cora,Proposed Method,gca,1602,1,2,1,1
Cora,Proposed Method,gca,1623,3,1,-2,0
Cora,Proposed Method,gca,1624,1,1,0,0
Cora,Proposed Method,gca,1628,1,1,0,0
Cora,Proposed Method,gca,1655,1,1,0,0
Cora,Proposed Method,gca,1682,1,1,0,0
Cora,Proposed Method,gca,1692,1,4,3,1
Cora,Proposed Method,gca,1701,6,1,-5,0
Cora,Proposed Method,gca,1702,1,3,2,1
Cora,Proposed Method,gca,1703,1,1,0,0
Cora,Proposed Method,gca,1725,1,1,0,0
Cora,Proposed Method,gca,1740,1,2,1,1
Cora,Proposed Method,gca,1742,1,2,1,1
Cora,Proposed Method,gca,1765,1,1,0,0
Cora,Proposed Method,gca,1776,1,1,0,0
Cora,Proposed Method,gca,1810,1,1,0,0
Cora,Proposed Method,gca,1842,1,5,4,1
Cora,Proposed Method,gca,1869,4,1,-3,0
Cora,Proposed Method,gca,1894,1,1,0,0
Cora,Proposed Method,gca,1902,3,5,2,1
Cora,Proposed Method,gca,1912,1,1,0,0
Cora,Proposed Method,gca,1914,1,1,0,0
Cora,Proposed Method,gca,1927,2,1,-1,0
Cora,Proposed Method,gca,1950,9,9,0,0
Cora,Proposed Method,gca,1952,3,1,-2,0
Cora,Proposed Method,gca,1966,2,2,0,0
Cora,Proposed Method,gca,1973,1,1,0,0
Cora,Proposed Method,gca,55,1,1,0,0
Cora,Proposed Method,gca,59,1,1,0,0
Cora,Proposed Method,gca,65,1,1,0,0
Cora,Proposed Method,gca,73,3,2,-1,0
Cora,Proposed Method,gca,88,1,1,0,0
Cora,Proposed Method,gca,89,7,6,-1,0
Cora,Proposed Method,gca,94,2,3,1,1
Cora,Proposed Method,gca,95,1,1,0,0
Cora,Proposed Method,gca,109,38,38,0,0
Cora,Proposed Method,gca,118,1,1,0,0
Cora,Proposed Method,gca,154,7,6,-1,0
Cora,Proposed Method,gca,180,1,1,0,0
Cora,Proposed Method,gca,210,2,3,1,1
Cora,Proposed Method,gca,218,1,1,0,0
Cora,Proposed Method,gca,236,1,1,0,0
Cora,Proposed Method,gca,239,3,2,-1,0
Cora,Proposed Method,gca,279,4,3,-1,0
Cora,Proposed Method,gca,306,15,7,-8,0
Cora,Proposed Method,gca,310,3,1,-2,0
Cora,Proposed Method,gca,316,1,1,0,0
Cora,Proposed Method,gca,350,2,2,0,0
Cora,Proposed Method,gca,364,1,1,0,0
Cora,Proposed Method,gca,415,6,4,-2,0
Cora,Proposed Method,gca,429,1,1,0,0
Cora,Proposed Method,gca,436,1,1,0,0
Cora,Proposed Method,gca,441,177,264,87,1
Cora,Proposed Method,gca,454,1,1,0,0
Cora,Proposed Method,gca,456,2,5,3,1
Cora,Proposed Method,gca,487,1,1,0,0
Cora,Proposed Method,gca,505,1,1,0,0
Cora,Proposed Method,gca,507,3,3,0,0
Cora,Proposed Method,gca,519,2,2,0,0
Cora,Proposed Method,gca,525,2,1,-1,0
Cora,Proposed Method,gca,565,4,5,1,1
Cora,Proposed Method,gca,577,3,3,0,0
Cora,Proposed Method,gca,598,1,1,0,0
Cora,Proposed Method,gca,645,1,1,0,0
Cora,Proposed Method,gca,657,3,8,5,1
Cora,Proposed Method,gca,661,5,9,4,1
Cora,Proposed Method,gca,687,6,4,-2,0
Cora,Proposed Method,gca,733,2,4,2,1
Cora,Proposed Method,gca,734,2,2,0,0
Cora,Proposed Method,gca,736,1,1,0,0
Cora,Proposed Method,gca,748,3,1,-2,0
Cora,Proposed Method,gca,756,8,9,1,1
Cora,Proposed Method,gca,963,4,2,-2,0
Cora,Proposed Method,gca,973,1,1,0,0
Cora,Proposed Method,gca,1013,5,5,0,0
Cora,Proposed Method,gca,1015,14,21,7,1
Cora,Proposed Method,gca,1042,2,2,0,0
Cora,Proposed Method,gca,1050,4,7,3,1
Cora,Proposed Method,gca,1072,10,5,-5,0
Cora,Proposed Method,gca,1103,4,7,3,1
Cora,Proposed Method,gca,1119,4,4,0,0
Cora,Proposed Method,gca,1131,1,1,0,0
Cora,Proposed Method,gca,1154,2,3,1,1
Cora,Proposed Method,gca,1169,2,1,-1,0
Cora,Proposed Method,gca,1171,4,10,6,1
Cora,Proposed Method,gca,1224,1,1,0,0
Cora,Proposed Method,gca,1229,2,4,2,1
Cora,Proposed Method,gca,1257,2,3,1,1
Cora,Proposed Method,gca,1309,1,2,1,1
Cora,Proposed Method,gca,1317,2,2,0,0
Cora,Proposed Method,gca,1351,1,1,0,0
Cora,Proposed Method,gca,1358,3,2,-1,0
Cora,Proposed Method,gca,1367,2,11,9,1
Cora,Proposed Method,gca,1413,6,5,-1,0
Cora,Proposed Method,gca,1416,1,1,0,0
Cora,Proposed Method,gca,1441,3,6,3,1
Cora,Proposed Method,gca,1483,6,4,-2,0
Cora,Proposed Method,gca,1505,3,1,-2,0
Cora,Proposed Method,gca,1542,3,1,-2,0
Cora,Proposed Method,gca,1583,1,1,0,0
Cora,Proposed Method,gca,1602,1,2,1,1
Cora,Proposed Method,gca,1623,3,1,-2,0
Cora,Proposed Method,gca,1624,1,1,0,0
Cora,Proposed Method,gca,1628,1,1,0,0
Cora,Proposed Method,gca,1655,1,1,0,0
Cora,Proposed Method,gca,1682,1,1,0,0
Cora,Proposed Method,gca,1692,1,6,5,1
Cora,Proposed Method,gca,1701,6,1,-5,0
Cora,Proposed Method,gca,1702,1,2,1,1
Cora,Proposed Method,gca,1703,1,1,0,0
Cora,Proposed Method,gca,1725,1,1,0,0
Cora,Proposed Method,gca,1740,1,2,1,1
Cora,Proposed Method,gca,1742,1,2,1,1
Cora,Proposed Method,gca,1765,1,1,0,0
Cora,Proposed Method,gca,1776,1,1,0,0
Cora,Proposed Method,gca,1810,1,1,0,0
Cora,Proposed Method,gca,1842,1,6,5,1
Cora,Proposed Method,gca,1869,4,1,-3,0
Cora,Proposed Method,gca,1894,1,1,0,0
Cora,Proposed Method,gca,1902,3,5,2,1
Cora,Proposed Method,gca,1912,1,1,0,0
Cora,Proposed Method,gca,1914,1,1,0,0
Cora,Proposed Method,gca,1927,2,1,-1,0
Cora,Proposed Method,gca,1950,9,9,0,0
Cora,Proposed Method,gca,1952,3,3,0,0
Cora,Proposed Method,gca,1966,2,2,0,0
Cora,Proposed Method,gca,1973,1,1,0,0
Cora,Proposed Method,gca,55,1,1,0,0
Cora,Proposed Method,gca,59,1,1,0,0
Cora,Proposed Method,gca,65,1,1,0,0
Cora,Proposed Method,gca,73,3,2,-1,0
Cora,Proposed Method,gca,88,1,1,0,0
Cora,Proposed Method,gca,89,7,6,-1,0
Cora,Proposed Method,gca,94,2,2,0,0
Cora,Proposed Method,gca,95,1,1,0,0
Cora,Proposed Method,gca,109,38,39,1,1
Cora,Proposed Method,gca,118,1,1,0,0
Cora,Proposed Method,gca,154,7,6,-1,0
Cora,Proposed Method,gca,180,1,1,0,0
Cora,Proposed Method,gca,210,2,4,2,1
Cora,Proposed Method,gca,218,1,1,0,0
Cora,Proposed Method,gca,236,1,1,0,0
Cora,Proposed Method,gca,239,3,1,-2,0
Cora,Proposed Method,gca,279,4,6,2,1
Cora,Proposed Method,gca,306,15,7,-8,0
Cora,Proposed Method,gca,310,3,1,-2,0
Cora,Proposed Method,gca,316,1,1,0,0
Cora,Proposed Method,gca,350,2,2,0,0
Cora,Proposed Method,gca,364,1,1,0,0
Cora,Proposed Method,gca,415,6,4,-2,0
Cora,Proposed Method,gca,429,1,1,0,0
Cora,Proposed Method,gca,436,1,1,0,0
Cora,Proposed Method,gca,441,177,276,99,1
Cora,Proposed Method,gca,454,1,1,0,0
Cora,Proposed Method,gca,456,2,5,3,1
Cora,Proposed Method,gca,487,1,1,0,0
Cora,Proposed Method,gca,505,1,1,0,0
Cora,Proposed Method,gca,507,3,3,0,0
Cora,Proposed Method,gca,519,2,2,0,0
Cora,Proposed Method,gca,525,2,1,-1,0
Cora,Proposed Method,gca,565,4,5,1,1
Cora,Proposed Method,gca,577,3,3,0,0
Cora,Proposed Method,gca,598,1,1,0,0
Cora,Proposed Method,gca,645,1,1,0,0
Cora,Proposed Method,gca,657,3,8,5,1
Cora,Proposed Method,gca,661,5,11,6,1
Cora,Proposed Method,gca,687,6,4,-2,0
Cora,Proposed Method,gca,733,2,3,1,1
Cora,Proposed Method,gca,734,2,2,0,0
Cora,Proposed Method,gca,736,1,1,0,0
Cora,Proposed Method,gca,748,3,1,-2,0
Cora,Proposed Method,gca,756,8,9,1,1
Cora,Proposed Method,gca,963,4,1,-3,0
Cora,Proposed Method,gca,973,1,1,0,0
Cora,Proposed Method,gca,1013,5,5,0,0
Cora,Proposed Method,gca,1015,14,21,7,1
Cora,Proposed Method,gca,1042,2,2,0,0
Cora,Proposed Method,gca,1050,4,6,2,1
Cora,Proposed Method,gca,1072,10,5,-5,0
Cora,Proposed Method,gca,1103,4,7,3,1
Cora,Proposed Method,gca,1119,4,4,0,0
Cora,Proposed Method,gca,1131,1,1,0,0
Cora,Proposed Method,gca,1154,2,2,0,0
Cora,Proposed Method,gca,1169,2,1,-1,0
Cora,Proposed Method,gca,1171,4,23,19,1
Cora,Proposed Method,gca,1224,1,1,0,0
Cora,Proposed Method,gca,1229,2,4,2,1
Cora,Proposed Method,gca,1257,2,4,2,1
Cora,Proposed Method,gca,1309,1,2,1,1
Cora,Proposed Method,gca,1317,2,2,0,0
Cora,Proposed Method,gca,1351,1,1,0,0
Cora,Proposed Method,gca,1358,3,1,-2,0
Cora,Proposed Method,gca,1367,2,11,9,1
Cora,Proposed Method,gca,1413,6,6,0,0
Cora,Proposed Method,gca,1416,1,1,0,0
Cora,Proposed Method,gca,1441,3,6,3,1
Cora,Proposed Method,gca,1483,6,3,-3,0
Cora,Proposed Method,gca,1505,3,1,-2,0
Cora,Proposed Method,gca,1542,3,1,-2,0
Cora,Proposed Method,gca,1583,1,1,0,0
Cora,Proposed Method,gca,1602,1,1,0,0
Cora,Proposed Method,gca,1623,3,1,-2,0
Cora,Proposed Method,gca,1624,1,1,0,0
Cora,Proposed Method,gca,1628,1,1,0,0
Cora,Proposed Method,gca,1655,1,1,0,0
Cora,Proposed Method,gca,1682,1,1,0,0
Cora,Proposed Method,gca,1692,1,4,3,1
Cora,Proposed Method,gca,1701,6,1,-5,0
Cora,Proposed Method,gca,1702,1,5,4,1
Cora,Proposed Method,gca,1703,1,1,0,0
Cora,Proposed Method,gca,1725,1,1,0,0
Cora,Proposed Method,gca,1740,1,2,1,1
Cora,Proposed Method,gca,1742,1,1,0,0
Cora,Proposed Method,gca,1765,1,2,1,1
Cora,Proposed Method,gca,1776,1,1,0,0
Cora,Proposed Method,gca,1810,1,1,0,0
Cora,Proposed Method,gca,1842,1,5,4,1
Cora,Proposed Method,gca,1869,4,1,-3,0
Cora,Proposed Method,gca,1894,1,1,0,0
Cora,Proposed Method,gca,1902,3,6,3,1
Cora,Proposed Method,gca,1912,1,1,0,0
Cora,Proposed Method,gca,1914,1,1,0,0
Cora,Proposed Method,gca,1927,2,1,-1,0
Cora,Proposed Method,gca,1950,9,8,-1,0
Cora,Proposed Method,gca,1952,3,3,0,0
Cora,Proposed Method,gca,1966,2,3,1,1
Cora,Proposed Method,gca,1973,1,1,0,0
Cora,Proposed Method,gca,55,1,1,0,0
Cora,Proposed Method,gca,59,1,1,0,0
Cora,Proposed Method,gca,65,1,1,0,0
Cora,Proposed Method,gca,73,3,3,0,0
Cora,Proposed Method,gca,88,1,1,0,0
Cora,Proposed Method,gca,89,7,11,4,1
Cora,Proposed Method,gca,94,2,2,0,0
Cora,Proposed Method,gca,95,1,1,0,0
Cora,Proposed Method,gca,109,38,39,1,1
Cora,Proposed Method,gca,118,1,1,0,0
Cora,Proposed Method,gca,154,7,6,-1,0
Cora,Proposed Method,gca,180,1,1,0,0
Cora,Proposed Method,gca,210,2,7,5,1
Cora,Proposed Method,gca,218,1,1,0,0
Cora,Proposed Method,gca,236,1,1,0,0
Cora,Proposed Method,gca,239,3,1,-2,0
Cora,Proposed Method,gca,279,4,6,2,1
Cora,Proposed Method,gca,306,15,7,-8,0
Cora,Proposed Method,gca,310,3,1,-2,0
Cora,Proposed Method,gca,316,1,4,3,1
Cora,Proposed Method,gca,350,2,4,2,1
Cora,Proposed Method,gca,364,1,2,1,1
Cora,Proposed Method,gca,415,6,4,-2,0
Cora,Proposed Method,gca,429,1,1,0,0
Cora,Proposed Method,gca,436,1,1,0,0
Cora,Proposed Method,gca,441,177,284,107,1
Cora,Proposed Method,gca,454,1,1,0,0
Cora,Proposed Method,gca,456,2,5,3,1
Cora,Proposed Method,gca,487,1,1,0,0
Cora,Proposed Method,gca,505,1,1,0,0
Cora,Proposed Method,gca,507,3,3,0,0
Cora,Proposed Method,gca,519,2,1,-1,0
Cora,Proposed Method,gca,525,2,1,-1,0
Cora,Proposed Method,gca,565,4,5,1,1
Cora,Proposed Method,gca,577,3,3,0,0
Cora,Proposed Method,gca,598,1,1,0,0
Cora,Proposed Method,gca,645,1,1,0,0
Cora,Proposed Method,gca,657,3,8,5,1
Cora,Proposed Method,gca,661,5,9,4,1
Cora,Proposed Method,gca,687,6,2,-4,0
Cora,Proposed Method,gca,733,2,3,1,1
Cora,Proposed Method,gca,734,2,2,0,0
Cora,Proposed Method,gca,736,1,1,0,0
Cora,Proposed Method,gca,748,3,1,-2,0
Cora,Proposed Method,gca,756,8,8,0,0
Cora,Proposed Method,gca,963,4,5,1,1
Cora,Proposed Method,gca,973,1,1,0,0
Cora,Proposed Method,gca,1013,5,7,2,1
Cora,Proposed Method,gca,1015,14,19,5,1
Cora,Proposed Method,gca,1042,2,2,0,0
Cora,Proposed Method,gca,1050,4,6,2,1
Cora,Proposed Method,gca,1072,10,5,-5,0
Cora,Proposed Method,gca,1103,4,7,3,1
Cora,Proposed Method,gca,1119,4,4,0,0
Cora,Proposed Method,gca,1131,1,1,0,0
Cora,Proposed Method,gca,1154,2,2,0,0
Cora,Proposed Method,gca,1169,2,1,-1,0
Cora,Proposed Method,gca,1171,4,22,18,1
Cora,Proposed Method,gca,1224,1,1,0,0
Cora,Proposed Method,gca,1229,2,5,3,1
Cora,Proposed Method,gca,1257,2,3,1,1
Cora,Proposed Method,gca,1309,1,2,1,1
Cora,Proposed Method,gca,1317,2,2,0,0
Cora,Proposed Method,gca,1351,1,1,0,0
Cora,Proposed Method,gca,1358,3,1,-2,0
Cora,Proposed Method,gca,1367,2,12,10,1
Cora,Proposed Method,gca,1413,6,9,3,1
Cora,Proposed Method,gca,1416,1,1,0,0
Cora,Proposed Method,gca,1441,3,5,2,1
Cora,Proposed Method,gca,1483,6,3,-3,0
Cora,Proposed Method,gca,1505,3,1,-2,0
Cora,Proposed Method,gca,1542,3,1,-2,0
Cora,Proposed Method,gca,1583,1,2,1,1
Cora,Proposed Method,gca,1602,1,2,1,1
Cora,Proposed Method,gca,1623,3,1,-2,0
Cora,Proposed Method,gca,1624,1,1,0,0
Cora,Proposed Method,gca,1628,1,1,0,0
Cora,Proposed Method,gca,1655,1,1,0,0
Cora,Proposed Method,gca,1682,1,2,1,1
Cora,Proposed Method,gca,1692,1,6,5,1
Cora,Proposed Method,gca,1701,6,1,-5,0
Cora,Proposed Method,gca,1702,1,5,4,1
Cora,Proposed Method,gca,1703,1,1,0,0
Cora,Proposed Method,gca,1725,1,1,0,0
Cora,Proposed Method,gca,1740,1,2,1,1
Cora,Proposed Method,gca,1742,1,1,0,0
Cora,Proposed Method,gca,1765,1,2,1,1
Cora,Proposed Method,gca,1776,1,1,0,0
Cora,Proposed Method,gca,1810,1,1,0,0
Cora,Proposed Method,gca,1842,1,6,5,1
Cora,Proposed Method,gca,1869,4,1,-3,0
Cora,Proposed Method,gca,1894,1,1,0,0
Cora,Proposed Method,gca,1902,3,7,4,1
Cora,Proposed Method,gca,1912,1,1,0,0
Cora,Proposed Method,gca,1914,1,1,0,0
Cora,Proposed Method,gca,1927,2,1,-1,0
Cora,Proposed Method,gca,1950,9,8,-1,0
Cora,Proposed Method,gca,1952,3,3,0,0
Cora,Proposed Method,gca,1966,2,3,1,1
Cora,Proposed Method,gca,1973,1,1,0,0
Cora,Proposed Method,gca,55,1,1,0,0
Cora,Proposed Method,gca,59,1,1,0,0
Cora,Proposed Method,gca,65,1,1,0,0
Cora,Proposed Method,gca,73,3,5,2,1
Cora,Proposed Method,gca,88,1,1,0,0
Cora,Proposed Method,gca,89,7,12,5,1
Cora,Proposed Method,gca,94,2,3,1,1
Cora,Proposed Method,gca,95,1,1,0,0
Cora,Proposed Method,gca,109,38,39,1,1
Cora,Proposed Method,gca,118,1,1,0,0
Cora,Proposed Method,gca,154,7,5,-2,0
Cora,Proposed Method,gca,180,1,1,0,0
Cora,Proposed Method,gca,210,2,3,1,1
Cora,Proposed Method,gca,218,1,1,0,0
Cora,Proposed Method,gca,236,1,1,0,0
Cora,Proposed Method,gca,239,3,1,-2,0
Cora,Proposed Method,gca,279,4,7,3,1
Cora,Proposed Method,gca,306,15,7,-8,0
Cora,Proposed Method,gca,310,3,1,-2,0
Cora,Proposed Method,gca,316,1,3,2,1
Cora,Proposed Method,gca,350,2,4,2,1
Cora,Proposed Method,gca,364,1,1,0,0
Cora,Proposed Method,gca,415,6,4,-2,0
Cora,Proposed Method,gca,429,1,1,0,0
Cora,Proposed Method,gca,436,1,1,0,0
Cora,Proposed Method,gca,441,177,293,116,1
Cora,Proposed Method,gca,454,1,1,0,0
Cora,Proposed Method,gca,456,2,5,3,1
Cora,Proposed Method,gca,487,1,1,0,0
Cora,Proposed Method,gca,505,1,1,0,0
Cora,Proposed Method,gca,507,3,3,0,0
Cora,Proposed Method,gca,519,2,1,-1,0
Cora,Proposed Method,gca,525,2,1,-1,0
Cora,Proposed Method,gca,565,4,5,1,1
Cora,Proposed Method,gca,577,3,3,0,0
Cora,Proposed Method,gca,598,1,1,0,0
Cora,Proposed Method,gca,645,1,1,0,0
Cora,Proposed Method,gca,657,3,7,4,1
Cora,Proposed Method,gca,661,5,9,4,1
Cora,Proposed Method,gca,687,6,6,0,0
Cora,Proposed Method,gca,733,2,2,0,0
Cora,Proposed Method,gca,734,2,2,0,0
Cora,Proposed Method,gca,736,1,1,0,0
Cora,Proposed Method,gca,748,3,1,-2,0
Cora,Proposed Method,gca,756,8,8,0,0
Cora,Proposed Method,gca,963,4,5,1,1
Cora,Proposed Method,gca,973,1,1,0,0
Cora,Proposed Method,gca,1013,5,7,2,1
Cora,Proposed Method,gca,1015,14,21,7,1
Cora,Proposed Method,gca,1042,2,2,0,0
Cora,Proposed Method,gca,1050,4,6,2,1
Cora,Proposed Method,gca,1072,10,5,-5,0
Cora,Proposed Method,gca,1103,4,10,6,1
Cora,Proposed Method,gca,1119,4,4,0,0
Cora,Proposed Method,gca,1131,1,1,0,0
Cora,Proposed Method,gca,1154,2,2,0,0
Cora,Proposed Method,gca,1169,2,1,-1,0
Cora,Proposed Method,gca,1171,4,23,19,1
Cora,Proposed Method,gca,1224,1,1,0,0
Cora,Proposed Method,gca,1229,2,5,3,1
Cora,Proposed Method,gca,1257,2,3,1,1
Cora,Proposed Method,gca,1309,1,2,1,1
Cora,Proposed Method,gca,1317,2,3,1,1
Cora,Proposed Method,gca,1351,1,1,0,0
Cora,Proposed Method,gca,1358,3,1,-2,0
Cora,Proposed Method,gca,1367,2,19,17,1
Cora,Proposed Method,gca,1413,6,11,5,1
Cora,Proposed Method,gca,1416,1,1,0,0
Cora,Proposed Method,gca,1441,3,4,1,1
Cora,Proposed Method,gca,1483,6,4,-2,0
Cora,Proposed Method,gca,1505,3,3,0,0
Cora,Proposed Method,gca,1542,3,1,-2,0
Cora,Proposed Method,gca,1583,1,2,1,1
Cora,Proposed Method,gca,1602,1,2,1,1
Cora,Proposed Method,gca,1623,3,1,-2,0
Cora,Proposed Method,gca,1624,1,1,0,0
Cora,Proposed Method,gca,1628,1,1,0,0
Cora,Proposed Method,gca,1655,1,1,0,0
Cora,Proposed Method,gca,1682,1,2,1,1
Cora,Proposed Method,gca,1692,1,2,1,1
Cora,Proposed Method,gca,1701,6,1,-5,0
Cora,Proposed Method,gca,1702,1,8,7,1
Cora,Proposed Method,gca,1703,1,1,0,0
Cora,Proposed Method,gca,1725,1,1,0,0
Cora,Proposed Method,gca,1740,1,2,1,1
Cora,Proposed Method,gca,1742,1,1,0,0
Cora,Proposed Method,gca,1765,1,1,0,0
Cora,Proposed Method,gca,1776,1,1,0,0
Cora,Proposed Method,gca,1810,1,1,0,0
Cora,Proposed Method,gca,1842,1,6,5,1
Cora,Proposed Method,gca,1869,4,3,-1,0
Cora,Proposed Method,gca,1894,1,1,0,0
Cora,Proposed Method,gca,1902,3,7,4,1
Cora,Proposed Method,gca,1912,1,1,0,0
Cora,Proposed Method,gca,1914,1,1,0,0
Cora,Proposed Method,gca,1927,2,1,-1,0
Cora,Proposed Method,gca,1950,9,8,-1,0
Cora,Proposed Method,gca,1952,3,3,0,0
Cora,Proposed Method,gca,1966,2,3,1,1
Cora,Proposed Method,gca,1973,1,1,0,0
Cora,Degree,greet,55,1,1,0,0
Cora,Degree,greet,59,5,7,2,1
Cora,Degree,greet,65,1,1,0,0
Cora,Degree,greet,73,2,2,0,0
Cora,Degree,greet,88,1,1,0,0
Cora,Degree,greet,89,1,1,0,0
Cora,Degree,greet,94,2,3,1,1
Cora,Degree,greet,95,1,1,0,0
Cora,Degree,greet,109,1,7,6,1
Cora,Degree,greet,118,1,1,0,0
Cora,Degree,greet,154,1,1,0,0
Cora,Degree,greet,180,1,1,0,0
Cora,Degree,greet,210,1,1,0,0
Cora,Degree,greet,218,1,1,0,0
Cora,Degree,greet,236,1,1,0,0
Cora,Degree,greet,239,1,1,0,0
Cora,Degree,greet,279,1,1,0,0
Cora,Degree,greet,306,1,1,0,0
Cora,Degree,greet,310,1,1,0,0
Cora,Degree,greet,316,1,3,2,1
Cora,Degree,greet,350,3,1,-2,0
Cora,Degree,greet,364,1,2,1,1
Cora,Degree,greet,415,1,2,1,1
Cora,Degree,greet,429,1,1,0,0
Cora,Degree,greet,436,1,1,0,0
Cora,Degree,greet,441,143,127,-16,0
Cora,Degree,greet,454,1,1,0,0
Cora,Degree,greet,456,2,3,1,1
Cora,Degree,greet,487,1,1,0,0
Cora,Degree,greet,505,1,1,0,0
Cora,Degree,greet,507,3,3,0,0
Cora,Degree,greet,519,1,1,0,0
Cora,Degree,greet,525,1,1,0,0
Cora,Degree,greet,565,1,1,0,0
Cora,Degree,greet,577,1,1,0,0
Cora,Degree,greet,598,1,1,0,0
Cora,Degree,greet,645,1,1,0,0
Cora,Degree,greet,657,1,4,3,1
Cora,Degree,greet,661,1,1,0,0
Cora,Degree,greet,687,5,5,0,0
Cora,Degree,greet,733,1,1,0,0
Cora,Degree,greet,734,12,14,2,1
Cora,Degree,greet,736,1,1,0,0
Cora,Degree,greet,748,1,2,1,1
Cora,Degree,greet,756,2,2,0,0
Cora,Degree,greet,963,1,1,0,0
Cora,Degree,greet,973,2,2,0,0
Cora,Degree,greet,1013,10,13,3,1
Cora,Degree,greet,1015,6,8,2,1
Cora,Degree,greet,1042,1,1,0,0
Cora,Degree,greet,1050,1,1,0,0
Cora,Degree,greet,1072,2,3,1,1
Cora,Degree,greet,1103,1,1,0,0
Cora,Degree,greet,1119,1,2,1,1
Cora,Degree,greet,1131,1,1,0,0
Cora,Degree,greet,1154,1,1,0,0
Cora,Degree,greet,1169,1,1,0,0
Cora,Degree,greet,1171,1,1,0,0
Cora,Degree,greet,1224,1,1,0,0
Cora,Degree,greet,1229,1,1,0,0
Cora,Degree,greet,1257,1,1,0,0
Cora,Degree,greet,1309,1,1,0,0
Cora,Degree,greet,1317,1,1,0,0
Cora,Degree,greet,1351,1,1,0,0
Cora,Degree,greet,1358,1,1,0,0
Cora,Degree,greet,1367,200,188,-12,0
Cora,Degree,greet,1413,1,1,0,0
Cora,Degree,greet,1416,1,1,0,0
Cora,Degree,greet,1441,1,1,0,0
Cora,Degree,greet,1483,2,5,3,1
Cora,Degree,greet,1505,1,1,0,0
Cora,Degree,greet,1542,1,10,9,1
Cora,Degree,greet,1583,1,1,0,0
Cora,Degree,greet,1602,1,1,0,0
Cora,Degree,greet,1623,1,1,0,0
Cora,Degree,greet,1624,1,1,0,0
Cora,Degree,greet,1628,1,1,0,0
Cora,Degree,greet,1655,1,1,0,0
Cora,Degree,greet,1682,1,1,0,0
Cora,Degree,greet,1692,1,1,0,0
Cora,Degree,greet,1701,1,1,0,0
Cora,Degree,greet,1702,1,1,0,0
Cora,Degree,greet,1703,1,1,0,0
Cora,Degree,greet,1725,1,2,1,1
Cora,Degree,greet,1740,1,1,0,0
Cora,Degree,greet,1742,1,1,0,0
Cora,Degree,greet,1765,1,1,0,0
Cora,Degree,greet,1776,1,1,0,0
Cora,Degree,greet,1810,1,1,0,0
Cora,Degree,greet,1842,1,1,0,0
Cora,Degree,greet,1869,1,1,0,0
Cora,Degree,greet,1894,1,1,0,0
Cora,Degree,greet,1902,2,2,0,0
Cora,Degree,greet,1912,1,1,0,0
Cora,Degree,greet,1914,3,3,0,0
Cora,Degree,greet,1927,1,1,0,0
Cora,Degree,greet,1950,1,1,0,0
Cora,Degree,greet,1952,1,1,0,0
Cora,Degree,greet,1966,2,3,1,1
Cora,Degree,greet,1973,1,1,0,0
Cora,Degree,greet,55,1,1,0,0
Cora,Degree,greet,59,5,8,3,1
Cora,Degree,greet,65,1,1,0,0
Cora,Degree,greet,73,2,2,0,0
Cora,Degree,greet,88,1,1,0,0
Cora,Degree,greet,89,1,1,0,0
Cora,Degree,greet,94,2,2,0,0
Cora,Degree,greet,95,1,1,0,0
Cora,Degree,greet,109,1,1,0,0
Cora,Degree,greet,118,1,1,0,0
Cora,Degree,greet,154,1,1,0,0
Cora,Degree,greet,180,1,1,0,0
Cora,Degree,greet,210,1,1,0,0
Cora,Degree,greet,218,1,1,0,0
Cora,Degree,greet,236,1,1,0,0
Cora,Degree,greet,239,1,1,0,0
Cora,Degree,greet,279,1,4,3,1
Cora,Degree,greet,306,1,1,0,0
Cora,Degree,greet,310,1,1,0,0
Cora,Degree,greet,316,1,1,0,0
Cora,Degree,greet,350,3,3,0,0
Cora,Degree,greet,364,1,1,0,0
Cora,Degree,greet,415,1,1,0,0
Cora,Degree,greet,429,1,1,0,0
Cora,Degree,greet,436,1,1,0,0
Cora,Degree,greet,441,143,93,-50,0
Cora,Degree,greet,454,1,1,0,0
Cora,Degree,greet,456,2,5,3,1
Cora,Degree,greet,487,1,1,0,0
Cora,Degree,greet,505,1,1,0,0
Cora,Degree,greet,507,3,3,0,0
Cora,Degree,greet,519,1,1,0,0
Cora,Degree,greet,525,1,1,0,0
Cora,Degree,greet,565,1,1,0,0
Cora,Degree,greet,577,1,1,0,0
Cora,Degree,greet,598,1,1,0,0
Cora,Degree,greet,645,1,7,6,1
Cora,Degree,greet,657,1,1,0,0
Cora,Degree,greet,661,1,1,0,0
Cora,Degree,greet,687,5,5,0,0
Cora,Degree,greet,733,1,1,0,0
Cora,Degree,greet,734,12,16,4,1
Cora,Degree,greet,736,1,1,0,0
Cora,Degree,greet,748,1,2,1,1
Cora,Degree,greet,756,2,2,0,0
Cora,Degree,greet,963,1,1,0,0
Cora,Degree,greet,973,2,5,3,1
Cora,Degree,greet,1013,10,9,-1,0
Cora,Degree,greet,1015,6,11,5,1
Cora,Degree,greet,1042,1,1,0,0
Cora,Degree,greet,1050,1,2,1,1
Cora,Degree,greet,1072,2,4,2,1
Cora,Degree,greet,1103,1,1,0,0
Cora,Degree,greet,1119,1,1,0,0
Cora,Degree,greet,1131,1,1,0,0
Cora,Degree,greet,1154,1,1,0,0
Cora,Degree,greet,1169,1,1,0,0
Cora,Degree,greet,1171,1,1,0,0
Cora,Degree,greet,1224,1,1,0,0
Cora,Degree,greet,1229,1,1,0,0
Cora,Degree,greet,1257,1,1,0,0
Cora,Degree,greet,1309,1,1,0,0
Cora,Degree,greet,1317,1,1,0,0
Cora,Degree,greet,1351,1,1,0,0
Cora,Degree,greet,1358,1,1,0,0
Cora,Degree,greet,1367,200,240,40,1
Cora,Degree,greet,1413,1,1,0,0
Cora,Degree,greet,1416,1,1,0,0
Cora,Degree,greet,1441,1,1,0,0
Cora,Degree,greet,1483,2,2,0,0
Cora,Degree,greet,1505,1,1,0,0
Cora,Degree,greet,1542,1,1,0,0
Cora,Degree,greet,1583,1,1,0,0
Cora,Degree,greet,1602,1,1,0,0
Cora,Degree,greet,1623,1,1,0,0
Cora,Degree,greet,1624,1,1,0,0
Cora,Degree,greet,1628,1,1,0,0
Cora,Degree,greet,1655,1,1,0,0
Cora,Degree,greet,1682,1,1,0,0
Cora,Degree,greet,1692,1,1,0,0
Cora,Degree,greet,1701,1,1,0,0
Cora,Degree,greet,1702,1,1,0,0
Cora,Degree,greet,1703,1,1,0,0
Cora,Degree,greet,1725,1,2,1,1
Cora,Degree,greet,1740,1,1,0,0
Cora,Degree,greet,1742,1,1,0,0
Cora,Degree,greet,1765,1,1,0,0
Cora,Degree,greet,1776,1,1,0,0
Cora,Degree,greet,1810,1,1,0,0
Cora,Degree,greet,1842,1,1,0,0
Cora,Degree,greet,1869,1,1,0,0
Cora,Degree,greet,1894,1,1,0,0
Cora,Degree,greet,1902,2,2,0,0
Cora,Degree,greet,1912,1,1,0,0
Cora,Degree,greet,1914,3,3,0,0
Cora,Degree,greet,1927,1,1,0,0
Cora,Degree,greet,1950,1,1,0,0
Cora,Degree,greet,1952,1,1,0,0
Cora,Degree,greet,1966,2,6,4,1
Cora,Degree,greet,1973,1,1,0,0
Cora,Degree,greet,55,1,1,0,0
Cora,Degree,greet,59,5,15,10,1
Cora,Degree,greet,65,1,1,0,0
Cora,Degree,greet,73,2,2,0,0
Cora,Degree,greet,88,1,1,0,0
Cora,Degree,greet,89,1,1,0,0
Cora,Degree,greet,94,2,2,0,0
Cora,Degree,greet,95,1,1,0,0
Cora,Degree,greet,109,1,1,0,0
Cora,Degree,greet,118,1,1,0,0
Cora,Degree,greet,154,1,1,0,0
Cora,Degree,greet,180,1,1,0,0
Cora,Degree,greet,210,1,1,0,0
Cora,Degree,greet,218,1,1,0,0
Cora,Degree,greet,236,1,1,0,0
Cora,Degree,greet,239,1,1,0,0
Cora,Degree,greet,279,1,1,0,0
Cora,Degree,greet,306,1,1,0,0
Cora,Degree,greet,310,1,1,0,0
Cora,Degree,greet,316,1,1,0,0
Cora,Degree,greet,350,3,2,-1,0
Cora,Degree,greet,364,1,2,1,1
Cora,Degree,greet,415,1,1,0,0
Cora,Degree,greet,429,1,1,0,0
Cora,Degree,greet,436,1,1,0,0
Cora,Degree,greet,441,143,86,-57,0
Cora,Degree,greet,454,1,1,0,0
Cora,Degree,greet,456,2,3,1,1
Cora,Degree,greet,487,1,1,0,0
Cora,Degree,greet,505,1,1,0,0
Cora,Degree,greet,507,3,3,0,0
Cora,Degree,greet,519,1,1,0,0
Cora,Degree,greet,525,1,1,0,0
Cora,Degree,greet,565,1,3,2,1
Cora,Degree,greet,577,1,1,0,0
Cora,Degree,greet,598,1,1,0,0
Cora,Degree,greet,645,1,1,0,0
Cora,Degree,greet,657,1,1,0,0
Cora,Degree,greet,661,1,1,0,0
Cora,Degree,greet,687,5,5,0,0
Cora,Degree,greet,733,1,1,0,0
Cora,Degree,greet,734,12,11,-1,0
Cora,Degree,greet,736,1,1,0,0
Cora,Degree,greet,748,1,1,0,0
Cora,Degree,greet,756,2,2,0,0
Cora,Degree,greet,963,1,3,2,1
Cora,Degree,greet,973,2,11,9,1
Cora,Degree,greet,1013,10,9,-1,0
Cora,Degree,greet,1015,6,6,0,0
Cora,Degree,greet,1042,1,1,0,0
Cora,Degree,greet,1050,1,2,1,1
Cora,Degree,greet,1072,2,4,2,1
Cora,Degree,greet,1103,1,1,0,0
Cora,Degree,greet,1119,1,1,0,0
Cora,Degree,greet,1131,1,1,0,0
Cora,Degree,greet,1154,1,1,0,0
Cora,Degree,greet,1169,1,2,1,1
Cora,Degree,greet,1171,1,1,0,0
Cora,Degree,greet,1224,1,1,0,0
Cora,Degree,greet,1229,1,1,0,0
Cora,Degree,greet,1257,1,1,0,0
Cora,Degree,greet,1309,1,1,0,0
Cora,Degree,greet,1317,1,1,0,0
Cora,Degree,greet,1351,1,1,0,0
Cora,Degree,greet,1358,1,1,0,0
Cora,Degree,greet,1367,200,238,38,1
Cora,Degree,greet,1413,1,1,0,0
Cora,Degree,greet,1416,1,1,0,0
Cora,Degree,greet,1441,1,1,0,0
Cora,Degree,greet,1483,2,2,0,0
Cora,Degree,greet,1505,1,1,0,0
Cora,Degree,greet,1542,1,1,0,0
Cora,Degree,greet,1583,1,1,0,0
Cora,Degree,greet,1602,1,1,0,0
Cora,Degree,greet,1623,1,1,0,0
Cora,Degree,greet,1624,1,1,0,0
Cora,Degree,greet,1628,1,1,0,0
Cora,Degree,greet,1655,1,1,0,0
Cora,Degree,greet,1682,1,1,0,0
Cora,Degree,greet,1692,1,1,0,0
Cora,Degree,greet,1701,1,1,0,0
Cora,Degree,greet,1702,1,1,0,0
Cora,Degree,greet,1703,1,1,0,0
Cora,Degree,greet,1725,1,5,4,1
Cora,Degree,greet,1740,1,1,0,0
Cora,Degree,greet,1742,1,1,0,0
Cora,Degree,greet,1765,1,1,0,0
Cora,Degree,greet,1776,1,1,0,0
Cora,Degree,greet,1810,1,1,0,0
Cora,Degree,greet,1842,1,1,0,0
Cora,Degree,greet,1869,1,1,0,0
Cora,Degree,greet,1894,1,1,0,0
Cora,Degree,greet,1902,2,2,0,0
Cora,Degree,greet,1912,1,1,0,0
Cora,Degree,greet,1914,3,3,0,0
Cora,Degree,greet,1927,1,1,0,0
Cora,Degree,greet,1950,1,1,0,0
Cora,Degree,greet,1952,1,2,1,1
Cora,Degree,greet,1966,2,5,3,1
Cora,Degree,greet,1973,1,1,0,0
Cora,Degree,greet,55,1,1,0,0
Cora,Degree,greet,59,5,5,0,0
Cora,Degree,greet,65,1,1,0,0
Cora,Degree,greet,73,2,2,0,0
Cora,Degree,greet,88,1,1,0,0
Cora,Degree,greet,89,1,1,0,0
Cora,Degree,greet,94,2,3,1,1
Cora,Degree,greet,95,1,1,0,0
Cora,Degree,greet,109,1,1,0,0
Cora,Degree,greet,118,1,1,0,0
Cora,Degree,greet,154,1,1,0,0
Cora,Degree,greet,180,1,1,0,0
Cora,Degree,greet,210,1,1,0,0
Cora,Degree,greet,218,1,1,0,0
Cora,Degree,greet,236,1,1,0,0
Cora,Degree,greet,239,1,1,0,0
Cora,Degree,greet,279,1,1,0,0
Cora,Degree,greet,306,1,1,0,0
Cora,Degree,greet,310,1,1,0,0
Cora,Degree,greet,316,1,1,0,0
Cora,Degree,greet,350,3,5,2,1
Cora,Degree,greet,364,1,2,1,1
Cora,Degree,greet,415,1,2,1,1
Cora,Degree,greet,429,1,1,0,0
Cora,Degree,greet,436,1,1,0,0
Cora,Degree,greet,441,143,77,-66,0
Cora,Degree,greet,454,1,1,0,0
Cora,Degree,greet,456,2,1,-1,0
Cora,Degree,greet,487,1,1,0,0
Cora,Degree,greet,505,1,1,0,0
Cora,Degree,greet,507,3,3,0,0
Cora,Degree,greet,519,1,1,0,0
Cora,Degree,greet,525,1,1,0,0
Cora,Degree,greet,565,1,3,2,1
Cora,Degree,greet,577,1,1,0,0
Cora,Degree,greet,598,1,1,0,0
Cora,Degree,greet,645,1,1,0,0
Cora,Degree,greet,657,1,1,0,0
Cora,Degree,greet,661,1,1,0,0
Cora,Degree,greet,687,5,5,0,0
Cora,Degree,greet,733,1,1,0,0
Cora,Degree,greet,734,12,11,-1,0
Cora,Degree,greet,736,1,1,0,0
Cora,Degree,greet,748,1,1,0,0
Cora,Degree,greet,756,2,2,0,0
Cora,Degree,greet,963,1,3,2,1
Cora,Degree,greet,973,2,5,3,1
Cora,Degree,greet,1013,10,9,-1,0
Cora,Degree,greet,1015,6,9,3,1
Cora,Degree,greet,1042,1,1,0,0
Cora,Degree,greet,1050,1,2,1,1
Cora,Degree,greet,1072,2,4,2,1
Cora,Degree,greet,1103,1,1,0,0
Cora,Degree,greet,1119,1,1,0,0
Cora,Degree,greet,1131,1,1,0,0
Cora,Degree,greet,1154,1,1,0,0
Cora,Degree,greet,1169,1,2,1,1
Cora,Degree,greet,1171,1,1,0,0
Cora,Degree,greet,1224,1,1,0,0
Cora,Degree,greet,1229,1,1,0,0
Cora,Degree,greet,1257,1,1,0,0
Cora,Degree,greet,1309,1,1,0,0
Cora,Degree,greet,1317,1,1,0,0
Cora,Degree,greet,1351,1,1,0,0
Cora,Degree,greet,1358,1,1,0,0
Cora,Degree,greet,1367,200,331,131,1
Cora,Degree,greet,1413,1,1,0,0
Cora,Degree,greet,1416,1,1,0,0
Cora,Degree,greet,1441,1,1,0,0
Cora,Degree,greet,1483,2,2,0,0
Cora,Degree,greet,1505,1,1,0,0
Cora,Degree,greet,1542,1,3,2,1
Cora,Degree,greet,1583,1,1,0,0
Cora,Degree,greet,1602,1,1,0,0
Cora,Degree,greet,1623,1,1,0,0
Cora,Degree,greet,1624,1,1,0,0
Cora,Degree,greet,1628,1,1,0,0
Cora,Degree,greet,1655,1,1,0,0
Cora,Degree,greet,1682,1,1,0,0
Cora,Degree,greet,1692,1,1,0,0
Cora,Degree,greet,1701,1,1,0,0
Cora,Degree,greet,1702,1,1,0,0
Cora,Degree,greet,1703,1,1,0,0
Cora,Degree,greet,1725,1,1,0,0
Cora,Degree,greet,1740,1,1,0,0
Cora,Degree,greet,1742,1,1,0,0
Cora,Degree,greet,1765,1,1,0,0
Cora,Degree,greet,1776,1,1,0,0
Cora,Degree,greet,1810,1,1,0,0
Cora,Degree,greet,1842,1,1,0,0
Cora,Degree,greet,1869,1,1,0,0
Cora,Degree,greet,1894,1,1,0,0
Cora,Degree,greet,1902,2,2,0,0
Cora,Degree,greet,1912,1,1,0,0
Cora,Degree,greet,1914,3,3,0,0
Cora,Degree,greet,1927,1,1,0,0
Cora,Degree,greet,1950,1,1,0,0
Cora,Degree,greet,1952,1,1,0,0
Cora,Degree,greet,1966,2,6,4,1
Cora,Degree,greet,1973,1,1,0,0
Cora,Degree,greet,55,1,1,0,0
Cora,Degree,greet,59,5,6,1,1
Cora,Degree,greet,65,1,1,0,0
Cora,Degree,greet,73,2,2,0,0
Cora,Degree,greet,88,1,1,0,0
Cora,Degree,greet,89,1,1,0,0
Cora,Degree,greet,94,2,3,1,1
Cora,Degree,greet,95,1,1,0,0
Cora,Degree,greet,109,1,1,0,0
Cora,Degree,greet,118,1,1,0,0
Cora,Degree,greet,154,1,1,0,0
Cora,Degree,greet,180,1,1,0,0
Cora,Degree,greet,210,1,1,0,0
Cora,Degree,greet,218,1,1,0,0
Cora,Degree,greet,236,1,1,0,0
Cora,Degree,greet,239,1,1,0,0
Cora,Degree,greet,279,1,1,0,0
Cora,Degree,greet,306,1,1,0,0
Cora,Degree,greet,310,1,1,0,0
Cora,Degree,greet,316,1,2,1,1
Cora,Degree,greet,350,3,4,1,1
Cora,Degree,greet,364,1,2,1,1
Cora,Degree,greet,415,1,2,1,1
Cora,Degree,greet,429,1,1,0,0
Cora,Degree,greet,436,1,1,0,0
Cora,Degree,greet,441,143,80,-63,0
Cora,Degree,greet,454,1,1,0,0
Cora,Degree,greet,456,2,1,-1,0
Cora,Degree,greet,487,1,1,0,0
Cora,Degree,greet,505,1,1,0,0
Cora,Degree,greet,507,3,3,0,0
Cora,Degree,greet,519,1,1,0,0
Cora,Degree,greet,525,1,1,0,0
Cora,Degree,greet,565,1,3,2,1
Cora,Degree,greet,577,1,1,0,0
Cora,Degree,greet,598,1,1,0,0
Cora,Degree,greet,645,1,1,0,0
Cora,Degree,greet,657,1,3,2,1
Cora,Degree,greet,661,1,1,0,0
Cora,Degree,greet,687,5,9,4,1
Cora,Degree,greet,733,1,1,0,0
Cora,Degree,greet,734,12,13,1,1
Cora,Degree,greet,736,1,1,0,0
Cora,Degree,greet,748,1,1,0,0
Cora,Degree,greet,756,2,2,0,0
Cora,Degree,greet,963,1,3,2,1
Cora,Degree,greet,973,2,7,5,1
Cora,Degree,greet,1013,10,10,0,0
Cora,Degree,greet,1015,6,8,2,1
Cora,Degree,greet,1042,1,1,0,0
Cora,Degree,greet,1050,1,2,1,1
Cora,Degree,greet,1072,2,4,2,1
Cora,Degree,greet,1103,1,1,0,0
Cora,Degree,greet,1119,1,2,1,1
Cora,Degree,greet,1131,1,1,0,0
Cora,Degree,greet,1154,1,1,0,0
Cora,Degree,greet,1169,1,2,1,1
Cora,Degree,greet,1171,1,1,0,0
Cora,Degree,greet,1224,1,1,0,0
Cora,Degree,greet,1229,1,1,0,0
Cora,Degree,greet,1257,1,2,1,1
Cora,Degree,greet,1309,1,1,0,0
Cora,Degree,greet,1317,1,1,0,0
Cora,Degree,greet,1351,1,1,0,0
Cora,Degree,greet,1358,1,1,0,0
Cora,Degree,greet,1367,200,297,97,1
Cora,Degree,greet,1413,1,1,0,0
Cora,Degree,greet,1416,1,1,0,0
Cora,Degree,greet,1441,1,1,0,0
Cora,Degree,greet,1483,2,2,0,0
Cora,Degree,greet,1505,1,1,0,0
Cora,Degree,greet,1542,1,1,0,0
Cora,Degree,greet,1583,1,1,0,0
Cora,Degree,greet,1602,1,1,0,0
Cora,Degree,greet,1623,1,1,0,0
Cora,Degree,greet,1624,1,1,0,0
Cora,Degree,greet,1628,1,1,0,0
Cora,Degree,greet,1655,1,1,0,0
Cora,Degree,greet,1682,1,1,0,0
Cora,Degree,greet,1692,1,3,2,1
Cora,Degree,greet,1701,1,1,0,0
Cora,Degree,greet,1702,1,1,0,0
Cora,Degree,greet,1703,1,1,0,0
Cora,Degree,greet,1725,1,2,1,1
Cora,Degree,greet,1740,1,1,0,0
Cora,Degree,greet,1742,1,1,0,0
Cora,Degree,greet,1765,1,1,0,0
Cora,Degree,greet,1776,1,1,0,0
Cora,Degree,greet,1810,1,1,0,0
Cora,Degree,greet,1842,1,1,0,0
Cora,Degree,greet,1869,1,1,0,0
Cora,Degree,greet,1894,1,1,0,0
Cora,Degree,greet,1902,2,2,0,0
Cora,Degree,greet,1912,1,1,0,0
Cora,Degree,greet,1914,3,3,0,0
Cora,Degree,greet,1927,1,1,0,0
Cora,Degree,greet,1950,1,1,0,0
Cora,Degree,greet,1952,1,1,0,0
Cora,Degree,greet,1966,2,7,5,1
Cora,Degree,greet,1973,1,1,0,0
Cora,per_node_gold_attack,greet,55,1,1,0,0
Cora,per_node_gold_attack,greet,59,5,8,3,1
Cora,per_node_gold_attack,greet,65,1,1,0,0
Cora,per_node_gold_attack,greet,73,2,2,0,0
Cora,per_node_gold_attack,greet,88,1,1,0,0
Cora,per_node_gold_attack,greet,89,1,1,0,0
Cora,per_node_gold_attack,greet,94,2,3,1,1
Cora,per_node_gold_attack,greet,95,1,1,0,0
Cora,per_node_gold_attack,greet,109,1,1,0,0
Cora,per_node_gold_attack,greet,118,1,1,0,0
Cora,per_node_gold_attack,greet,154,1,1,0,0
Cora,per_node_gold_attack,greet,180,1,1,0,0
Cora,per_node_gold_attack,greet,210,1,1,0,0
Cora,per_node_gold_attack,greet,218,1,1,0,0
Cora,per_node_gold_attack,greet,236,1,1,0,0
Cora,per_node_gold_attack,greet,239,1,1,0,0
Cora,per_node_gold_attack,greet,279,1,1,0,0
Cora,per_node_gold_attack,greet,306,1,1,0,0
Cora,per_node_gold_attack,greet,310,1,1,0,0
Cora,per_node_gold_attack,greet,316,1,1,0,0
Cora,per_node_gold_attack,greet,350,3,2,-1,0
Cora,per_node_gold_attack,greet,364,1,1,0,0
Cora,per_node_gold_attack,greet,415,1,1,0,0
Cora,per_node_gold_attack,greet,429,1,1,0,0
Cora,per_node_gold_attack,greet,436,1,1,0,0
Cora,per_node_gold_attack,greet,441,143,163,20,1
Cora,per_node_gold_attack,greet,454,1,1,0,0
Cora,per_node_gold_attack,greet,456,2,4,2,1
Cora,per_node_gold_attack,greet,487,1,1,0,0
Cora,per_node_gold_attack,greet,505,1,1,0,0
Cora,per_node_gold_attack,greet,507,3,3,0,0
Cora,per_node_gold_attack,greet,519,1,1,0,0
Cora,per_node_gold_attack,greet,525,1,1,0,0
Cora,per_node_gold_attack,greet,565,1,1,0,0
Cora,per_node_gold_attack,greet,577,1,1,0,0
Cora,per_node_gold_attack,greet,598,1,1,0,0
Cora,per_node_gold_attack,greet,645,1,1,0,0
Cora,per_node_gold_attack,greet,657,1,2,1,1
Cora,per_node_gold_attack,greet,661,1,1,0,0
Cora,per_node_gold_attack,greet,687,5,5,0,0
Cora,per_node_gold_attack,greet,733,1,1,0,0
Cora,per_node_gold_attack,greet,734,12,13,1,1
Cora,per_node_gold_attack,greet,736,1,1,0,0
Cora,per_node_gold_attack,greet,748,1,1,0,0
Cora,per_node_gold_attack,greet,756,2,2,0,0
Cora,per_node_gold_attack,greet,963,1,1,0,0
Cora,per_node_gold_attack,greet,973,2,2,0,0
Cora,per_node_gold_attack,greet,1013,10,6,-4,0
Cora,per_node_gold_attack,greet,1015,6,8,2,1
Cora,per_node_gold_attack,greet,1042,1,1,0,0
Cora,per_node_gold_attack,greet,1050,1,1,0,0
Cora,per_node_gold_attack,greet,1072,2,3,1,1
Cora,per_node_gold_attack,greet,1103,1,1,0,0
Cora,per_node_gold_attack,greet,1119,1,1,0,0
Cora,per_node_gold_attack,greet,1131,1,1,0,0
Cora,per_node_gold_attack,greet,1154,1,1,0,0
Cora,per_node_gold_attack,greet,1169,1,3,2,1
Cora,per_node_gold_attack,greet,1171,1,1,0,0
Cora,per_node_gold_attack,greet,1224,1,1,0,0
Cora,per_node_gold_attack,greet,1229,1,1,0,0
Cora,per_node_gold_attack,greet,1257,1,1,0,0
Cora,per_node_gold_attack,greet,1309,1,1,0,0
Cora,per_node_gold_attack,greet,1317,1,1,0,0
Cora,per_node_gold_attack,greet,1351,1,1,0,0
Cora,per_node_gold_attack,greet,1358,1,1,0,0
Cora,per_node_gold_attack,greet,1367,200,233,33,1
Cora,per_node_gold_attack,greet,1413,1,1,0,0
Cora,per_node_gold_attack,greet,1416,1,1,0,0
Cora,per_node_gold_attack,greet,1441,1,1,0,0
Cora,per_node_gold_attack,greet,1483,2,2,0,0
Cora,per_node_gold_attack,greet,1505,1,1,0,0
Cora,per_node_gold_attack,greet,1542,1,1,0,0
Cora,per_node_gold_attack,greet,1583,1,1,0,0
Cora,per_node_gold_attack,greet,1602,1,1,0,0
Cora,per_node_gold_attack,greet,1623,1,1,0,0
Cora,per_node_gold_attack,greet,1624,1,1,0,0
Cora,per_node_gold_attack,greet,1628,1,1,0,0
Cora,per_node_gold_attack,greet,1655,1,1,0,0
Cora,per_node_gold_attack,greet,1682,1,1,0,0
Cora,per_node_gold_attack,greet,1692,1,1,0,0
Cora,per_node_gold_attack,greet,1701,1,1,0,0
Cora,per_node_gold_attack,greet,1702,1,1,0,0
Cora,per_node_gold_attack,greet,1703,1,1,0,0
Cora,per_node_gold_attack,greet,1725,1,1,0,0
Cora,per_node_gold_attack,greet,1740,1,2,1,1
Cora,per_node_gold_attack,greet,1742,1,1,0,0
Cora,per_node_gold_attack,greet,1765,1,1,0,0
Cora,per_node_gold_attack,greet,1776,1,1,0,0
Cora,per_node_gold_attack,greet,1810,1,1,0,0
Cora,per_node_gold_attack,greet,1842,1,1,0,0
Cora,per_node_gold_attack,greet,1869,1,1,0,0
Cora,per_node_gold_attack,greet,1894,1,1,0,0
Cora,per_node_gold_attack,greet,1902,2,2,0,0
Cora,per_node_gold_attack,greet,1912,1,1,0,0
Cora,per_node_gold_attack,greet,1914,3,3,0,0
Cora,per_node_gold_attack,greet,1927,1,1,0,0
Cora,per_node_gold_attack,greet,1950,1,1,0,0
Cora,per_node_gold_attack,greet,1952,1,1,0,0
Cora,per_node_gold_attack,greet,1966,2,2,0,0
Cora,per_node_gold_attack,greet,1973,1,1,0,0
Cora,per_node_gold_attack,greet,55,1,1,0,0
Cora,per_node_gold_attack,greet,59,5,8,3,1
Cora,per_node_gold_attack,greet,65,1,1,0,0
Cora,per_node_gold_attack,greet,73,2,2,0,0
Cora,per_node_gold_attack,greet,88,1,1,0,0
Cora,per_node_gold_attack,greet,89,1,1,0,0
Cora,per_node_gold_attack,greet,94,2,2,0,0
Cora,per_node_gold_attack,greet,95,1,1,0,0
Cora,per_node_gold_attack,greet,109,1,2,1,1
Cora,per_node_gold_attack,greet,118,1,1,0,0
Cora,per_node_gold_attack,greet,154,1,1,0,0
Cora,per_node_gold_attack,greet,180,1,1,0,0
Cora,per_node_gold_attack,greet,210,1,1,0,0
Cora,per_node_gold_attack,greet,218,1,1,0,0
Cora,per_node_gold_attack,greet,236,1,1,0,0
Cora,per_node_gold_attack,greet,239,1,1,0,0
Cora,per_node_gold_attack,greet,279,1,1,0,0
Cora,per_node_gold_attack,greet,306,1,1,0,0
Cora,per_node_gold_attack,greet,310,1,1,0,0
Cora,per_node_gold_attack,greet,316,1,1,0,0
Cora,per_node_gold_attack,greet,350,3,5,2,1
Cora,per_node_gold_attack,greet,364,1,1,0,0
Cora,per_node_gold_attack,greet,415,1,1,0,0
Cora,per_node_gold_attack,greet,429,1,1,0,0
Cora,per_node_gold_attack,greet,436,1,1,0,0
Cora,per_node_gold_attack,greet,441,143,148,5,1
Cora,per_node_gold_attack,greet,454,1,1,0,0
Cora,per_node_gold_attack,greet,456,2,9,7,1
Cora,per_node_gold_attack,greet,487,1,1,0,0
Cora,per_node_gold_attack,greet,505,1,1,0,0
Cora,per_node_gold_attack,greet,507,3,3,0,0
Cora,per_node_gold_attack,greet,519,1,1,0,0
Cora,per_node_gold_attack,greet,525,1,1,0,0
Cora,per_node_gold_attack,greet,565,1,1,0,0
Cora,per_node_gold_attack,greet,577,1,1,0,0
Cora,per_node_gold_attack,greet,598,1,1,0,0
Cora,per_node_gold_attack,greet,645,1,1,0,0
Cora,per_node_gold_attack,greet,657,1,1,0,0
Cora,per_node_gold_attack,greet,661,1,1,0,0
Cora,per_node_gold_attack,greet,687,5,5,0,0
Cora,per_node_gold_attack,greet,733,1,1,0,0
Cora,per_node_gold_attack,greet,734,12,12,0,0
Cora,per_node_gold_attack,greet,736,1,1,0,0
Cora,per_node_gold_attack,greet,748,1,1,0,0
Cora,per_node_gold_attack,greet,756,2,2,0,0
Cora,per_node_gold_attack,greet,963,1,1,0,0
Cora,per_node_gold_attack,greet,973,2,2,0,0
Cora,per_node_gold_attack,greet,1013,10,9,-1,0
Cora,per_node_gold_attack,greet,1015,6,9,3,1
Cora,per_node_gold_attack,greet,1042,1,1,0,0
Cora,per_node_gold_attack,greet,1050,1,1,0,0
Cora,per_node_gold_attack,greet,1072,2,2,0,0
Cora,per_node_gold_attack,greet,1103,1,1,0,0
Cora,per_node_gold_attack,greet,1119,1,1,0,0
Cora,per_node_gold_attack,greet,1131,1,1,0,0
Cora,per_node_gold_attack,greet,1154,1,1,0,0
Cora,per_node_gold_attack,greet,1169,1,4,3,1
Cora,per_node_gold_attack,greet,1171,1,1,0,0
Cora,per_node_gold_attack,greet,1224,1,1,0,0
Cora,per_node_gold_attack,greet,1229,1,1,0,0
Cora,per_node_gold_attack,greet,1257,1,1,0,0
Cora,per_node_gold_attack,greet,1309,1,1,0,0
Cora,per_node_gold_attack,greet,1317,1,1,0,0
Cora,per_node_gold_attack,greet,1351,1,1,0,0
Cora,per_node_gold_attack,greet,1358,1,1,0,0
Cora,per_node_gold_attack,greet,1367,200,277,77,1
Cora,per_node_gold_attack,greet,1413,1,1,0,0
Cora,per_node_gold_attack,greet,1416,1,1,0,0
Cora,per_node_gold_attack,greet,1441,1,1,0,0
Cora,per_node_gold_attack,greet,1483,2,2,0,0
Cora,per_node_gold_attack,greet,1505,1,1,0,0
Cora,per_node_gold_attack,greet,1542,1,1,0,0
Cora,per_node_gold_attack,greet,1583,1,1,0,0
Cora,per_node_gold_attack,greet,1602,1,1,0,0
Cora,per_node_gold_attack,greet,1623,1,1,0,0
Cora,per_node_gold_attack,greet,1624,1,1,0,0
Cora,per_node_gold_attack,greet,1628,1,1,0,0
Cora,per_node_gold_attack,greet,1655,1,1,0,0
Cora,per_node_gold_attack,greet,1682,1,1,0,0
Cora,per_node_gold_attack,greet,1692,1,1,0,0
Cora,per_node_gold_attack,greet,1701,1,1,0,0
Cora,per_node_gold_attack,greet,1702,1,1,0,0
Cora,per_node_gold_attack,greet,1703,1,1,0,0
Cora,per_node_gold_attack,greet,1725,1,1,0,0
Cora,per_node_gold_attack,greet,1740,1,1,0,0
Cora,per_node_gold_attack,greet,1742,1,1,0,0
Cora,per_node_gold_attack,greet,1765,1,1,0,0
Cora,per_node_gold_attack,greet,1776,1,1,0,0
Cora,per_node_gold_attack,greet,1810,1,1,0,0
Cora,per_node_gold_attack,greet,1842,1,1,0,0
Cora,per_node_gold_attack,greet,1869,1,1,0,0
Cora,per_node_gold_attack,greet,1894,1,1,0,0
Cora,per_node_gold_attack,greet,1902,2,2,0,0
Cora,per_node_gold_attack,greet,1912,1,1,0,0
Cora,per_node_gold_attack,greet,1914,3,3,0,0
Cora,per_node_gold_attack,greet,1927,1,1,0,0
Cora,per_node_gold_attack,greet,1950,1,1,0,0
Cora,per_node_gold_attack,greet,1952,1,1,0,0
Cora,per_node_gold_attack,greet,1966,2,1,-1,0
Cora,per_node_gold_attack,greet,1973,1,1,0,0
Cora,per_node_gold_attack,greet,55,1,1,0,0
Cora,per_node_gold_attack,greet,59,5,8,3,1
Cora,per_node_gold_attack,greet,65,1,1,0,0
Cora,per_node_gold_attack,greet,73,2,2,0,0
Cora,per_node_gold_attack,greet,88,1,1,0,0
Cora,per_node_gold_attack,greet,89,1,1,0,0
Cora,per_node_gold_attack,greet,94,2,3,1,1
Cora,per_node_gold_attack,greet,95,1,2,1,1
Cora,per_node_gold_attack,greet,109,1,1,0,0
Cora,per_node_gold_attack,greet,118,1,1,0,0
Cora,per_node_gold_attack,greet,154,1,1,0,0
Cora,per_node_gold_attack,greet,180,1,1,0,0
Cora,per_node_gold_attack,greet,210,1,1,0,0
Cora,per_node_gold_attack,greet,218,1,1,0,0
Cora,per_node_gold_attack,greet,236,1,1,0,0
Cora,per_node_gold_attack,greet,239,1,1,0,0
Cora,per_node_gold_attack,greet,279,1,1,0,0
Cora,per_node_gold_attack,greet,306,1,1,0,0
Cora,per_node_gold_attack,greet,310,1,1,0,0
Cora,per_node_gold_attack,greet,316,1,4,3,1
Cora,per_node_gold_attack,greet,350,3,3,0,0
Cora,per_node_gold_attack,greet,364,1,1,0,0
Cora,per_node_gold_attack,greet,415,1,2,1,1
Cora,per_node_gold_attack,greet,429,1,1,0,0
Cora,per_node_gold_attack,greet,436,1,1,0,0
Cora,per_node_gold_attack,greet,441,143,144,1,1
Cora,per_node_gold_attack,greet,454,1,1,0,0
Cora,per_node_gold_attack,greet,456,2,7,5,1
Cora,per_node_gold_attack,greet,487,1,1,0,0
Cora,per_node_gold_attack,greet,505,1,1,0,0
Cora,per_node_gold_attack,greet,507,3,3,0,0
Cora,per_node_gold_attack,greet,519,1,1,0,0
Cora,per_node_gold_attack,greet,525,1,1,0,0
Cora,per_node_gold_attack,greet,565,1,4,3,1
Cora,per_node_gold_attack,greet,577,1,1,0,0
Cora,per_node_gold_attack,greet,598,1,1,0,0
Cora,per_node_gold_attack,greet,645,1,1,0,0
Cora,per_node_gold_attack,greet,657,1,1,0,0
Cora,per_node_gold_attack,greet,661,1,1,0,0
Cora,per_node_gold_attack,greet,687,5,5,0,0
Cora,per_node_gold_attack,greet,733,1,1,0,0
Cora,per_node_gold_attack,greet,734,12,13,1,1
Cora,per_node_gold_attack,greet,736,1,1,0,0
Cora,per_node_gold_attack,greet,748,1,1,0,0
Cora,per_node_gold_attack,greet,756,2,3,1,1
Cora,per_node_gold_attack,greet,963,1,1,0,0
Cora,per_node_gold_attack,greet,973,2,1,-1,0
Cora,per_node_gold_attack,greet,1013,10,5,-5,0
Cora,per_node_gold_attack,greet,1015,6,8,2,1
Cora,per_node_gold_attack,greet,1042,1,1,0,0
Cora,per_node_gold_attack,greet,1050,1,1,0,0
Cora,per_node_gold_attack,greet,1072,2,4,2,1
Cora,per_node_gold_attack,greet,1103,1,1,0,0
Cora,per_node_gold_attack,greet,1119,1,1,0,0
Cora,per_node_gold_attack,greet,1131,1,1,0,0
Cora,per_node_gold_attack,greet,1154,1,1,0,0
Cora,per_node_gold_attack,greet,1169,1,1,0,0
Cora,per_node_gold_attack,greet,1171,1,1,0,0
Cora,per_node_gold_attack,greet,1224,1,1,0,0
Cora,per_node_gold_attack,greet,1229,1,1,0,0
Cora,per_node_gold_attack,greet,1257,1,2,1,1
Cora,per_node_gold_attack,greet,1309,1,1,0,0
Cora,per_node_gold_attack,greet,1317,1,1,0,0
Cora,per_node_gold_attack,greet,1351,1,1,0,0
Cora,per_node_gold_attack,greet,1358,1,1,0,0
Cora,per_node_gold_attack,greet,1367,200,213,13,1
Cora,per_node_gold_attack,greet,1413,1,1,0,0
Cora,per_node_gold_attack,greet,1416,1,1,0,0
Cora,per_node_gold_attack,greet,1441,1,1,0,0
Cora,per_node_gold_attack,greet,1483,2,2,0,0
Cora,per_node_gold_attack,greet,1505,1,1,0,0
Cora,per_node_gold_attack,greet,1542,1,1,0,0
Cora,per_node_gold_attack,greet,1583,1,1,0,0
Cora,per_node_gold_attack,greet,1602,1,1,0,0
Cora,per_node_gold_attack,greet,1623,1,1,0,0
Cora,per_node_gold_attack,greet,1624,1,1,0,0
Cora,per_node_gold_attack,greet,1628,1,1,0,0
Cora,per_node_gold_attack,greet,1655,1,1,0,0
Cora,per_node_gold_attack,greet,1682,1,1,0,0
Cora,per_node_gold_attack,greet,1692,1,1,0,0
Cora,per_node_gold_attack,greet,1701,1,1,0,0
Cora,per_node_gold_attack,greet,1702,1,1,0,0
Cora,per_node_gold_attack,greet,1703,1,1,0,0
Cora,per_node_gold_attack,greet,1725,1,1,0,0
Cora,per_node_gold_attack,greet,1740,1,1,0,0
Cora,per_node_gold_attack,greet,1742,1,1,0,0
Cora,per_node_gold_attack,greet,1765,1,1,0,0
Cora,per_node_gold_attack,greet,1776,1,1,0,0
Cora,per_node_gold_attack,greet,1810,1,1,0,0
Cora,per_node_gold_attack,greet,1842,1,1,0,0
Cora,per_node_gold_attack,greet,1869,1,1,0,0
Cora,per_node_gold_attack,greet,1894,1,1,0,0
Cora,per_node_gold_attack,greet,1902,2,2,0,0
Cora,per_node_gold_attack,greet,1912,1,1,0,0
Cora,per_node_gold_attack,greet,1914,3,3,0,0
Cora,per_node_gold_attack,greet,1927,1,1,0,0
Cora,per_node_gold_attack,greet,1950,1,1,0,0
Cora,per_node_gold_attack,greet,1952,1,1,0,0
Cora,per_node_gold_attack,greet,1966,2,1,-1,0
Cora,per_node_gold_attack,greet,1973,1,1,0,0
Cora,per_node_gold_attack,greet,55,1,1,0,0
Cora,per_node_gold_attack,greet,59,5,9,4,1
Cora,per_node_gold_attack,greet,65,1,1,0,0
Cora,per_node_gold_attack,greet,73,2,2,0,0
Cora,per_node_gold_attack,greet,88,1,1,0,0
Cora,per_node_gold_attack,greet,89,1,1,0,0
Cora,per_node_gold_attack,greet,94,2,3,1,1
Cora,per_node_gold_attack,greet,95,1,2,1,1
Cora,per_node_gold_attack,greet,109,1,1,0,0
Cora,per_node_gold_attack,greet,118,1,1,0,0
Cora,per_node_gold_attack,greet,154,1,1,0,0
Cora,per_node_gold_attack,greet,180,1,1,0,0
Cora,per_node_gold_attack,greet,210,1,1,0,0
Cora,per_node_gold_attack,greet,218,1,1,0,0
Cora,per_node_gold_attack,greet,236,1,1,0,0
Cora,per_node_gold_attack,greet,239,1,1,0,0
Cora,per_node_gold_attack,greet,279,1,1,0,0
Cora,per_node_gold_attack,greet,306,1,1,0,0
Cora,per_node_gold_attack,greet,310,1,1,0,0
Cora,per_node_gold_attack,greet,316,1,3,2,1
Cora,per_node_gold_attack,greet,350,3,3,0,0
Cora,per_node_gold_attack,greet,364,1,1,0,0
Cora,per_node_gold_attack,greet,415,1,2,1,1
Cora,per_node_gold_attack,greet,429,1,1,0,0
Cora,per_node_gold_attack,greet,436,1,1,0,0
Cora,per_node_gold_attack,greet,441,143,96,-47,0
Cora,per_node_gold_attack,greet,454,1,1,0,0
Cora,per_node_gold_attack,greet,456,2,7,5,1
Cora,per_node_gold_attack,greet,487,1,1,0,0
Cora,per_node_gold_attack,greet,505,1,1,0,0
Cora,per_node_gold_attack,greet,507,3,3,0,0
Cora,per_node_gold_attack,greet,519,1,1,0,0
Cora,per_node_gold_attack,greet,525,1,1,0,0
Cora,per_node_gold_attack,greet,565,1,4,3,1
Cora,per_node_gold_attack,greet,577,1,1,0,0
Cora,per_node_gold_attack,greet,598,1,1,0,0
Cora,per_node_gold_attack,greet,645,1,1,0,0
Cora,per_node_gold_attack,greet,657,1,2,1,1
Cora,per_node_gold_attack,greet,661,1,1,0,0
Cora,per_node_gold_attack,greet,687,5,5,0,0
Cora,per_node_gold_attack,greet,733,1,1,0,0
Cora,per_node_gold_attack,greet,734,12,14,2,1
Cora,per_node_gold_attack,greet,736,1,1,0,0
Cora,per_node_gold_attack,greet,748,1,1,0,0
Cora,per_node_gold_attack,greet,756,2,3,1,1
Cora,per_node_gold_attack,greet,963,1,1,0,0
Cora,per_node_gold_attack,greet,973,2,2,0,0
Cora,per_node_gold_attack,greet,1013,10,9,-1,0
Cora,per_node_gold_attack,greet,1015,6,6,0,0
Cora,per_node_gold_attack,greet,1042,1,1,0,0
Cora,per_node_gold_attack,greet,1050,1,1,0,0
Cora,per_node_gold_attack,greet,1072,2,3,1,1
Cora,per_node_gold_attack,greet,1103,1,1,0,0
Cora,per_node_gold_attack,greet,1119,1,1,0,0
Cora,per_node_gold_attack,greet,1131,1,1,0,0
Cora,per_node_gold_attack,greet,1154,1,1,0,0
Cora,per_node_gold_attack,greet,1169,1,4,3,1
Cora,per_node_gold_attack,greet,1171,1,1,0,0
Cora,per_node_gold_attack,greet,1224,1,1,0,0
Cora,per_node_gold_attack,greet,1229,1,1,0,0
Cora,per_node_gold_attack,greet,1257,1,2,1,1
Cora,per_node_gold_attack,greet,1309,1,1,0,0
Cora,per_node_gold_attack,greet,1317,1,1,0,0
Cora,per_node_gold_attack,greet,1351,1,1,0,0
Cora,per_node_gold_attack,greet,1358,1,1,0,0
Cora,per_node_gold_attack,greet,1367,200,228,28,1
Cora,per_node_gold_attack,greet,1413,1,1,0,0
Cora,per_node_gold_attack,greet,1416,1,1,0,0
Cora,per_node_gold_attack,greet,1441,1,1,0,0
Cora,per_node_gold_attack,greet,1483,2,2,0,0
Cora,per_node_gold_attack,greet,1505,1,1,0,0
Cora,per_node_gold_attack,greet,1542,1,1,0,0
Cora,per_node_gold_attack,greet,1583,1,1,0,0
Cora,per_node_gold_attack,greet,1602,1,1,0,0
Cora,per_node_gold_attack,greet,1623,1,1,0,0
Cora,per_node_gold_attack,greet,1624,1,1,0,0
Cora,per_node_gold_attack,greet,1628,1,1,0,0
Cora,per_node_gold_attack,greet,1655,1,1,0,0
Cora,per_node_gold_attack,greet,1682,1,1,0,0
Cora,per_node_gold_attack,greet,1692,1,1,0,0
Cora,per_node_gold_attack,greet,1701,1,1,0,0
Cora,per_node_gold_attack,greet,1702,1,1,0,0
Cora,per_node_gold_attack,greet,1703,1,1,0,0
Cora,per_node_gold_attack,greet,1725,1,1,0,0
Cora,per_node_gold_attack,greet,1740,1,1,0,0
Cora,per_node_gold_attack,greet,1742,1,1,0,0
Cora,per_node_gold_attack,greet,1765,1,1,0,0
Cora,per_node_gold_attack,greet,1776,1,1,0,0
Cora,per_node_gold_attack,greet,1810,1,1,0,0
Cora,per_node_gold_attack,greet,1842,1,1,0,0
Cora,per_node_gold_attack,greet,1869,1,1,0,0
Cora,per_node_gold_attack,greet,1894,1,1,0,0
Cora,per_node_gold_attack,greet,1902,2,2,0,0
Cora,per_node_gold_attack,greet,1912,1,1,0,0
Cora,per_node_gold_attack,greet,1914,3,3,0,0
Cora,per_node_gold_attack,greet,1927,1,1,0,0
Cora,per_node_gold_attack,greet,1950,1,1,0,0
Cora,per_node_gold_attack,greet,1952,1,1,0,0
Cora,per_node_gold_attack,greet,1966,2,1,-1,0
Cora,per_node_gold_attack,greet,1973,1,1,0,0
Cora,per_node_gold_attack,greet,55,1,1,0,0
Cora,per_node_gold_attack,greet,59,5,10,5,1
Cora,per_node_gold_attack,greet,65,1,1,0,0
Cora,per_node_gold_attack,greet,73,2,2,0,0
Cora,per_node_gold_attack,greet,88,1,1,0,0
Cora,per_node_gold_attack,greet,89,1,1,0,0
Cora,per_node_gold_attack,greet,94,2,3,1,1
Cora,per_node_gold_attack,greet,95,1,1,0,0
Cora,per_node_gold_attack,greet,109,1,1,0,0
Cora,per_node_gold_attack,greet,118,1,1,0,0
Cora,per_node_gold_attack,greet,154,1,1,0,0
Cora,per_node_gold_attack,greet,180,1,1,0,0
Cora,per_node_gold_attack,greet,210,1,1,0,0
Cora,per_node_gold_attack,greet,218,1,1,0,0
Cora,per_node_gold_attack,greet,236,1,1,0,0
Cora,per_node_gold_attack,greet,239,1,1,0,0
Cora,per_node_gold_attack,greet,279,1,1,0,0
Cora,per_node_gold_attack,greet,306,1,1,0,0
Cora,per_node_gold_attack,greet,310,1,1,0,0
Cora,per_node_gold_attack,greet,316,1,3,2,1
Cora,per_node_gold_attack,greet,350,3,1,-2,0
Cora,per_node_gold_attack,greet,364,1,1,0,0
Cora,per_node_gold_attack,greet,415,1,2,1,1
Cora,per_node_gold_attack,greet,429,1,1,0,0
Cora,per_node_gold_attack,greet,436,1,1,0,0
Cora,per_node_gold_attack,greet,441,143,102,-41,0
Cora,per_node_gold_attack,greet,454,1,1,0,0
Cora,per_node_gold_attack,greet,456,2,8,6,1
Cora,per_node_gold_attack,greet,487,1,1,0,0
Cora,per_node_gold_attack,greet,505,1,1,0,0
Cora,per_node_gold_attack,greet,507,3,3,0,0
Cora,per_node_gold_attack,greet,519,1,1,0,0
Cora,per_node_gold_attack,greet,525,1,1,0,0
Cora,per_node_gold_attack,greet,565,1,4,3,1
Cora,per_node_gold_attack,greet,577,1,1,0,0
Cora,per_node_gold_attack,greet,598,1,1,0,0
Cora,per_node_gold_attack,greet,645,1,1,0,0
Cora,per_node_gold_attack,greet,657,1,1,0,0
Cora,per_node_gold_attack,greet,661,1,1,0,0
Cora,per_node_gold_attack,greet,687,5,5,0,0
Cora,per_node_gold_attack,greet,733,1,1,0,0
Cora,per_node_gold_attack,greet,734,12,12,0,0
Cora,per_node_gold_attack,greet,736,1,1,0,0
Cora,per_node_gold_attack,greet,748,1,1,0,0
Cora,per_node_gold_attack,greet,756,2,5,3,1
Cora,per_node_gold_attack,greet,963,1,1,0,0
Cora,per_node_gold_attack,greet,973,2,1,-1,0
Cora,per_node_gold_attack,greet,1013,10,7,-3,0
Cora,per_node_gold_attack,greet,1015,6,8,2,1
Cora,per_node_gold_attack,greet,1042,1,1,0,0
Cora,per_node_gold_attack,greet,1050,1,2,1,1
Cora,per_node_gold_attack,greet,1072,2,4,2,1
Cora,per_node_gold_attack,greet,1103,1,1,0,0
Cora,per_node_gold_attack,greet,1119,1,1,0,0
Cora,per_node_gold_attack,greet,1131,1,1,0,0
Cora,per_node_gold_attack,greet,1154,1,1,0,0
Cora,per_node_gold_attack,greet,1169,1,2,1,1
Cora,per_node_gold_attack,greet,1171,1,1,0,0
Cora,per_node_gold_attack,greet,1224,1,1,0,0
Cora,per_node_gold_attack,greet,1229,1,1,0,0
Cora,per_node_gold_attack,greet,1257,1,2,1,1
Cora,per_node_gold_attack,greet,1309,1,1,0,0
Cora,per_node_gold_attack,greet,1317,1,1,0,0
Cora,per_node_gold_attack,greet,1351,1,1,0,0
Cora,per_node_gold_attack,greet,1358,1,1,0,0
Cora,per_node_gold_attack,greet,1367,200,174,-26,0
Cora,per_node_gold_attack,greet,1413,1,1,0,0
Cora,per_node_gold_attack,greet,1416,1,1,0,0
Cora,per_node_gold_attack,greet,1441,1,1,0,0
Cora,per_node_gold_attack,greet,1483,2,2,0,0
Cora,per_node_gold_attack,greet,1505,1,1,0,0
Cora,per_node_gold_attack,greet,1542,1,1,0,0
Cora,per_node_gold_attack,greet,1583,1,1,0,0
Cora,per_node_gold_attack,greet,1602,1,1,0,0
Cora,per_node_gold_attack,greet,1623,1,1,0,0
Cora,per_node_gold_attack,greet,1624,1,1,0,0
Cora,per_node_gold_attack,greet,1628,1,1,0,0
Cora,per_node_gold_attack,greet,1655,1,1,0,0
Cora,per_node_gold_attack,greet,1682,1,1,0,0
Cora,per_node_gold_attack,greet,1692,1,1,0,0
Cora,per_node_gold_attack,greet,1701,1,1,0,0
Cora,per_node_gold_attack,greet,1702,1,1,0,0
Cora,per_node_gold_attack,greet,1703,1,1,0,0
Cora,per_node_gold_attack,greet,1725,1,1,0,0
Cora,per_node_gold_attack,greet,1740,1,1,0,0
Cora,per_node_gold_attack,greet,1742,1,1,0,0
Cora,per_node_gold_attack,greet,1765,1,1,0,0
Cora,per_node_gold_attack,greet,1776,1,1,0,0
Cora,per_node_gold_attack,greet,1810,1,1,0,0
Cora,per_node_gold_attack,greet,1842,1,1,0,0
Cora,per_node_gold_attack,greet,1869,1,1,0,0
Cora,per_node_gold_attack,greet,1894,1,1,0,0
Cora,per_node_gold_attack,greet,1902,2,2,0,0
Cora,per_node_gold_attack,greet,1912,1,1,0,0
Cora,per_node_gold_attack,greet,1914,3,3,0,0
Cora,per_node_gold_attack,greet,1927,1,1,0,0
Cora,per_node_gold_attack,greet,1950,1,1,0,0
Cora,per_node_gold_attack,greet,1952,1,1,0,0
Cora,per_node_gold_attack,greet,1966,2,1,-1,0
Cora,per_node_gold_attack,greet,1973,1,1,0,0
Cora,Proposed Method,greet,55,1,1,0,0
Cora,Proposed Method,greet,59,5,7,2,1
Cora,Proposed Method,greet,65,1,1,0,0
Cora,Proposed Method,greet,73,2,2,0,0
Cora,Proposed Method,greet,88,1,1,0,0
Cora,Proposed Method,greet,89,1,1,0,0
Cora,Proposed Method,greet,94,2,3,1,1
Cora,Proposed Method,greet,95,1,1,0,0
Cora,Proposed Method,greet,109,1,7,6,1
Cora,Proposed Method,greet,118,1,1,0,0
Cora,Proposed Method,greet,154,1,1,0,0
Cora,Proposed Method,greet,180,1,1,0,0
Cora,Proposed Method,greet,210,1,1,0,0
Cora,Proposed Method,greet,218,1,1,0,0
Cora,Proposed Method,greet,236,1,1,0,0
Cora,Proposed Method,greet,239,1,1,0,0
Cora,Proposed Method,greet,279,1,1,0,0
Cora,Proposed Method,greet,306,1,1,0,0
Cora,Proposed Method,greet,310,1,1,0,0
Cora,Proposed Method,greet,316,1,1,0,0
Cora,Proposed Method,greet,350,3,2,-1,0
Cora,Proposed Method,greet,364,1,1,0,0
Cora,Proposed Method,greet,415,1,1,0,0
Cora,Proposed Method,greet,429,1,1,0,0
Cora,Proposed Method,greet,436,1,1,0,0
Cora,Proposed Method,greet,441,143,138,-5,0
Cora,Proposed Method,greet,454,1,1,0,0
Cora,Proposed Method,greet,456,2,1,-1,0
Cora,Proposed Method,greet,487,1,1,0,0
Cora,Proposed Method,greet,505,1,1,0,0
Cora,Proposed Method,greet,507,3,3,0,0
Cora,Proposed Method,greet,519,1,1,0,0
Cora,Proposed Method,greet,525,1,1,0,0
Cora,Proposed Method,greet,565,1,1,0,0
Cora,Proposed Method,greet,577,1,1,0,0
Cora,Proposed Method,greet,598,1,1,0,0
Cora,Proposed Method,greet,645,1,1,0,0
Cora,Proposed Method,greet,657,1,1,0,0
Cora,Proposed Method,greet,661,1,1,0,0
Cora,Proposed Method,greet,687,5,5,0,0
Cora,Proposed Method,greet,733,1,1,0,0
Cora,Proposed Method,greet,734,12,12,0,0
Cora,Proposed Method,greet,736,1,1,0,0
Cora,Proposed Method,greet,748,1,1,0,0
Cora,Proposed Method,greet,756,2,2,0,0
Cora,Proposed Method,greet,963,1,1,0,0
Cora,Proposed Method,greet,973,2,2,0,0
Cora,Proposed Method,greet,1013,10,13,3,1
Cora,Proposed Method,greet,1015,6,6,0,0
Cora,Proposed Method,greet,1042,1,1,0,0
Cora,Proposed Method,greet,1050,1,1,0,0
Cora,Proposed Method,greet,1072,2,3,1,1
Cora,Proposed Method,greet,1103,1,1,0,0
Cora,Proposed Method,greet,1119,1,1,0,0
Cora,Proposed Method,greet,1131,1,1,0,0
Cora,Proposed Method,greet,1154,1,1,0,0
Cora,Proposed Method,greet,1169,1,2,1,1
Cora,Proposed Method,greet,1171,1,1,0,0
Cora,Proposed Method,greet,1224,1,1,0,0
Cora,Proposed Method,greet,1229,1,1,0,0
Cora,Proposed Method,greet,1257,1,1,0,0
Cora,Proposed Method,greet,1309,1,1,0,0
Cora,Proposed Method,greet,1317,1,1,0,0
Cora,Proposed Method,greet,1351,1,1,0,0
Cora,Proposed Method,greet,1358,1,1,0,0
Cora,Proposed Method,greet,1367,200,234,34,1
Cora,Proposed Method,greet,1413,1,1,0,0
Cora,Proposed Method,greet,1416,1,1,0,0
Cora,Proposed Method,greet,1441,1,1,0,0
Cora,Proposed Method,greet,1483,2,2,0,0
Cora,Proposed Method,greet,1505,1,1,0,0
Cora,Proposed Method,greet,1542,1,1,0,0
Cora,Proposed Method,greet,1583,1,1,0,0
Cora,Proposed Method,greet,1602,1,1,0,0
Cora,Proposed Method,greet,1623,1,1,0,0
Cora,Proposed Method,greet,1624,1,1,0,0
Cora,Proposed Method,greet,1628,1,1,0,0
Cora,Proposed Method,greet,1655,1,1,0,0
Cora,Proposed Method,greet,1682,1,1,0,0
Cora,Proposed Method,greet,1692,1,1,0,0
Cora,Proposed Method,greet,1701,1,1,0,0
Cora,Proposed Method,greet,1702,1,1,0,0
Cora,Proposed Method,greet,1703,1,1,0,0
Cora,Proposed Method,greet,1725,1,2,1,1
Cora,Proposed Method,greet,1740,1,1,0,0
Cora,Proposed Method,greet,1742,1,1,0,0
Cora,Proposed Method,greet,1765,1,1,0,0
Cora,Proposed Method,greet,1776,1,1,0,0
Cora,Proposed Method,greet,1810,1,1,0,0
Cora,Proposed Method,greet,1842,1,1,0,0
Cora,Proposed Method,greet,1869,1,1,0,0
Cora,Proposed Method,greet,1894,1,1,0,0
Cora,Proposed Method,greet,1902,2,2,0,0
Cora,Proposed Method,greet,1912,1,1,0,0
Cora,Proposed Method,greet,1914,3,3,0,0
Cora,Proposed Method,greet,1927,1,1,0,0
Cora,Proposed Method,greet,1950,1,1,0,0
Cora,Proposed Method,greet,1952,1,1,0,0
Cora,Proposed Method,greet,1966,2,5,3,1
Cora,Proposed Method,greet,1973,1,1,0,0
Cora,Proposed Method,greet,55,1,1,0,0
Cora,Proposed Method,greet,59,5,7,2,1
Cora,Proposed Method,greet,65,1,1,0,0
Cora,Proposed Method,greet,73,2,2,0,0
Cora,Proposed Method,greet,88,1,1,0,0
Cora,Proposed Method,greet,89,1,1,0,0
Cora,Proposed Method,greet,94,2,3,1,1
Cora,Proposed Method,greet,95,1,1,0,0
Cora,Proposed Method,greet,109,1,2,1,1
Cora,Proposed Method,greet,118,1,1,0,0
Cora,Proposed Method,greet,154,1,1,0,0
Cora,Proposed Method,greet,180,1,1,0,0
Cora,Proposed Method,greet,210,1,1,0,0
Cora,Proposed Method,greet,218,1,1,0,0
Cora,Proposed Method,greet,236,1,1,0,0
Cora,Proposed Method,greet,239,1,1,0,0
Cora,Proposed Method,greet,279,1,1,0,0
Cora,Proposed Method,greet,306,1,1,0,0
Cora,Proposed Method,greet,310,1,1,0,0
Cora,Proposed Method,greet,316,1,1,0,0
Cora,Proposed Method,greet,350,3,2,-1,0
Cora,Proposed Method,greet,364,1,1,0,0
Cora,Proposed Method,greet,415,1,2,1,1
Cora,Proposed Method,greet,429,1,1,0,0
Cora,Proposed Method,greet,436,1,1,0,0
Cora,Proposed Method,greet,441,143,100,-43,0
Cora,Proposed Method,greet,454,1,1,0,0
Cora,Proposed Method,greet,456,2,1,-1,0
Cora,Proposed Method,greet,487,1,1,0,0
Cora,Proposed Method,greet,505,1,1,0,0
Cora,Proposed Method,greet,507,3,3,0,0
Cora,Proposed Method,greet,519,1,1,0,0
Cora,Proposed Method,greet,525,1,1,0,0
Cora,Proposed Method,greet,565,1,1,0,0
Cora,Proposed Method,greet,577,1,1,0,0
Cora,Proposed Method,greet,598,1,1,0,0
Cora,Proposed Method,greet,645,1,1,0,0
Cora,Proposed Method,greet,657,1,2,1,1
Cora,Proposed Method,greet,661,1,1,0,0
Cora,Proposed Method,greet,687,5,10,5,1
Cora,Proposed Method,greet,733,1,1,0,0
Cora,Proposed Method,greet,734,12,11,-1,0
Cora,Proposed Method,greet,736,1,1,0,0
Cora,Proposed Method,greet,748,1,3,2,1
Cora,Proposed Method,greet,756,2,2,0,0
Cora,Proposed Method,greet,963,1,1,0,0
Cora,Proposed Method,greet,973,2,12,10,1
Cora,Proposed Method,greet,1013,10,10,0,0
Cora,Proposed Method,greet,1015,6,8,2,1
Cora,Proposed Method,greet,1042,1,1,0,0
Cora,Proposed Method,greet,1050,1,1,0,0
Cora,Proposed Method,greet,1072,2,4,2,1
Cora,Proposed Method,greet,1103,1,1,0,0
Cora,Proposed Method,greet,1119,1,1,0,0
Cora,Proposed Method,greet,1131,1,1,0,0
Cora,Proposed Method,greet,1154,1,1,0,0
Cora,Proposed Method,greet,1169,1,2,1,1
Cora,Proposed Method,greet,1171,1,1,0,0
Cora,Proposed Method,greet,1224,1,1,0,0
Cora,Proposed Method,greet,1229,1,1,0,0
Cora,Proposed Method,greet,1257,1,2,1,1
Cora,Proposed Method,greet,1309,1,1,0,0
Cora,Proposed Method,greet,1317,1,1,0,0
Cora,Proposed Method,greet,1351,1,1,0,0
Cora,Proposed Method,greet,1358,1,1,0,0
Cora,Proposed Method,greet,1367,200,291,91,1
Cora,Proposed Method,greet,1413,1,1,0,0
Cora,Proposed Method,greet,1416,1,1,0,0
Cora,Proposed Method,greet,1441,1,1,0,0
Cora,Proposed Method,greet,1483,2,2,0,0
Cora,Proposed Method,greet,1505,1,1,0,0
Cora,Proposed Method,greet,1542,1,1,0,0
Cora,Proposed Method,greet,1583,1,1,0,0
Cora,Proposed Method,greet,1602,1,1,0,0
Cora,Proposed Method,greet,1623,1,1,0,0
Cora,Proposed Method,greet,1624,1,1,0,0
Cora,Proposed Method,greet,1628,1,1,0,0
Cora,Proposed Method,greet,1655,1,1,0,0
Cora,Proposed Method,greet,1682,1,1,0,0
Cora,Proposed Method,greet,1692,1,1,0,0
Cora,Proposed Method,greet,1701,1,1,0,0
Cora,Proposed Method,greet,1702,1,1,0,0
Cora,Proposed Method,greet,1703,1,1,0,0
Cora,Proposed Method,greet,1725,1,1,0,0
Cora,Proposed Method,greet,1740,1,1,0,0
Cora,Proposed Method,greet,1742,1,1,0,0
Cora,Proposed Method,greet,1765,1,1,0,0
Cora,Proposed Method,greet,1776,1,1,0,0
Cora,Proposed Method,greet,1810,1,1,0,0
Cora,Proposed Method,greet,1842,1,1,0,0
Cora,Proposed Method,greet,1869,1,1,0,0
Cora,Proposed Method,greet,1894,1,1,0,0
Cora,Proposed Method,greet,1902,2,2,0,0
Cora,Proposed Method,greet,1912,1,1,0,0
Cora,Proposed Method,greet,1914,3,3,0,0
Cora,Proposed Method,greet,1927,1,1,0,0
Cora,Proposed Method,greet,1950,1,1,0,0
Cora,Proposed Method,greet,1952,1,1,0,0
Cora,Proposed Method,greet,1966,2,5,3,1
Cora,Proposed Method,greet,1973,1,1,0,0
Cora,Proposed Method,greet,55,1,1,0,0
Cora,Proposed Method,greet,59,5,3,-2,0
Cora,Proposed Method,greet,65,1,1,0,0
Cora,Proposed Method,greet,73,2,2,0,0
Cora,Proposed Method,greet,88,1,1,0,0
Cora,Proposed Method,greet,89,1,1,0,0
Cora,Proposed Method,greet,94,2,3,1,1
Cora,Proposed Method,greet,95,1,1,0,0
Cora,Proposed Method,greet,109,1,1,0,0
Cora,Proposed Method,greet,118,1,1,0,0
Cora,Proposed Method,greet,154,1,1,0,0
Cora,Proposed Method,greet,180,1,1,0,0
Cora,Proposed Method,greet,210,1,1,0,0
Cora,Proposed Method,greet,218,1,1,0,0
Cora,Proposed Method,greet,236,1,1,0,0
Cora,Proposed Method,greet,239,1,1,0,0
Cora,Proposed Method,greet,279,1,1,0,0
Cora,Proposed Method,greet,306,1,1,0,0
Cora,Proposed Method,greet,310,1,1,0,0
Cora,Proposed Method,greet,316,1,1,0,0
Cora,Proposed Method,greet,350,3,3,0,0
Cora,Proposed Method,greet,364,1,2,1,1
Cora,Proposed Method,greet,415,1,2,1,1
Cora,Proposed Method,greet,429,1,1,0,0
Cora,Proposed Method,greet,436,1,1,0,0
Cora,Proposed Method,greet,441,143,84,-59,0
Cora,Proposed Method,greet,454,1,1,0,0
Cora,Proposed Method,greet,456,2,1,-1,0
Cora,Proposed Method,greet,487,1,1,0,0
Cora,Proposed Method,greet,505,1,1,0,0
Cora,Proposed Method,greet,507,3,3,0,0
Cora,Proposed Method,greet,519,1,1,0,0
Cora,Proposed Method,greet,525,1,1,0,0
Cora,Proposed Method,greet,565,1,4,3,1
Cora,Proposed Method,greet,577,1,1,0,0
Cora,Proposed Method,greet,598,1,1,0,0
Cora,Proposed Method,greet,645,1,1,0,0
Cora,Proposed Method,greet,657,1,10,9,1
Cora,Proposed Method,greet,661,1,1,0,0
Cora,Proposed Method,greet,687,5,10,5,1
Cora,Proposed Method,greet,733,1,1,0,0
Cora,Proposed Method,greet,734,12,11,-1,0
Cora,Proposed Method,greet,736,1,1,0,0
Cora,Proposed Method,greet,748,1,3,2,1
Cora,Proposed Method,greet,756,2,2,0,0
Cora,Proposed Method,greet,963,1,2,1,1
Cora,Proposed Method,greet,973,2,5,3,1
Cora,Proposed Method,greet,1013,10,10,0,0
Cora,Proposed Method,greet,1015,6,8,2,1
Cora,Proposed Method,greet,1042,1,1,0,0
Cora,Proposed Method,greet,1050,1,1,0,0
Cora,Proposed Method,greet,1072,2,4,2,1
Cora,Proposed Method,greet,1103,1,1,0,0
Cora,Proposed Method,greet,1119,1,1,0,0
Cora,Proposed Method,greet,1131,1,1,0,0
Cora,Proposed Method,greet,1154,1,1,0,0
Cora,Proposed Method,greet,1169,1,1,0,0
Cora,Proposed Method,greet,1171,1,1,0,0
Cora,Proposed Method,greet,1224,1,1,0,0
Cora,Proposed Method,greet,1229,1,1,0,0
Cora,Proposed Method,greet,1257,1,2,1,1
Cora,Proposed Method,greet,1309,1,1,0,0
Cora,Proposed Method,greet,1317,1,1,0,0
Cora,Proposed Method,greet,1351,1,1,0,0
Cora,Proposed Method,greet,1358,1,1,0,0
Cora,Proposed Method,greet,1367,200,266,66,1
Cora,Proposed Method,greet,1413,1,1,0,0
Cora,Proposed Method,greet,1416,1,1,0,0
Cora,Proposed Method,greet,1441,1,1,0,0
Cora,Proposed Method,greet,1483,2,2,0,0
Cora,Proposed Method,greet,1505,1,1,0,0
Cora,Proposed Method,greet,1542,1,1,0,0
Cora,Proposed Method,greet,1583,1,1,0,0
Cora,Proposed Method,greet,1602,1,1,0,0
Cora,Proposed Method,greet,1623,1,1,0,0
Cora,Proposed Method,greet,1624,1,1,0,0
Cora,Proposed Method,greet,1628,1,1,0,0
Cora,Proposed Method,greet,1655,1,1,0,0
Cora,Proposed Method,greet,1682,1,1,0,0
Cora,Proposed Method,greet,1692,1,2,1,1
Cora,Proposed Method,greet,1701,1,1,0,0
Cora,Proposed Method,greet,1702,1,1,0,0
Cora,Proposed Method,greet,1703,1,1,0,0
Cora,Proposed Method,greet,1725,1,1,0,0
Cora,Proposed Method,greet,1740,1,1,0,0
Cora,Proposed Method,greet,1742,1,1,0,0
Cora,Proposed Method,greet,1765,1,1,0,0
Cora,Proposed Method,greet,1776,1,1,0,0
Cora,Proposed Method,greet,1810,1,1,0,0
Cora,Proposed Method,greet,1842,1,1,0,0
Cora,Proposed Method,greet,1869,1,1,0,0
Cora,Proposed Method,greet,1894,1,1,0,0
Cora,Proposed Method,greet,1902,2,2,0,0
Cora,Proposed Method,greet,1912,1,1,0,0
Cora,Proposed Method,greet,1914,3,3,0,0
Cora,Proposed Method,greet,1927,1,1,0,0
Cora,Proposed Method,greet,1950,1,1,0,0
Cora,Proposed Method,greet,1952,1,1,0,0
Cora,Proposed Method,greet,1966,2,6,4,1
Cora,Proposed Method,greet,1973,1,1,0,0
Cora,Proposed Method,greet,55,1,1,0,0
Cora,Proposed Method,greet,59,5,3,-2,0
Cora,Proposed Method,greet,65,1,1,0,0
Cora,Proposed Method,greet,73,2,2,0,0
Cora,Proposed Method,greet,88,1,1,0,0
Cora,Proposed Method,greet,89,1,1,0,0
Cora,Proposed Method,greet,94,2,3,1,1
Cora,Proposed Method,greet,95,1,1,0,0
Cora,Proposed Method,greet,109,1,1,0,0
Cora,Proposed Method,greet,118,1,1,0,0
Cora,Proposed Method,greet,154,1,1,0,0
Cora,Proposed Method,greet,180,1,1,0,0
Cora,Proposed Method,greet,210,1,1,0,0
Cora,Proposed Method,greet,218,1,1,0,0
Cora,Proposed Method,greet,236,1,1,0,0
Cora,Proposed Method,greet,239,1,1,0,0
Cora,Proposed Method,greet,279,1,1,0,0
Cora,Proposed Method,greet,306,1,1,0,0
Cora,Proposed Method,greet,310,1,1,0,0
Cora,Proposed Method,greet,316,1,1,0,0
Cora,Proposed Method,greet,350,3,2,-1,0
Cora,Proposed Method,greet,364,1,2,1,1
Cora,Proposed Method,greet,415,1,2,1,1
Cora,Proposed Method,greet,429,1,1,0,0
Cora,Proposed Method,greet,436,1,1,0,0
Cora,Proposed Method,greet,441,143,64,-79,0
Cora,Proposed Method,greet,454,1,1,0,0
Cora,Proposed Method,greet,456,2,1,-1,0
Cora,Proposed Method,greet,487,1,1,0,0
Cora,Proposed Method,greet,505,1,1,0,0
Cora,Proposed Method,greet,507,3,3,0,0
Cora,Proposed Method,greet,519,1,1,0,0
Cora,Proposed Method,greet,525,1,1,0,0
Cora,Proposed Method,greet,565,1,4,3,1
Cora,Proposed Method,greet,577,1,1,0,0
Cora,Proposed Method,greet,598,1,1,0,0
Cora,Proposed Method,greet,645,1,1,0,0
Cora,Proposed Method,greet,657,1,2,1,1
Cora,Proposed Method,greet,661,1,1,0,0
Cora,Proposed Method,greet,687,5,13,8,1
Cora,Proposed Method,greet,733,1,1,0,0
Cora,Proposed Method,greet,734,12,9,-3,0
Cora,Proposed Method,greet,736,1,1,0,0
Cora,Proposed Method,greet,748,1,1,0,0
Cora,Proposed Method,greet,756,2,2,0,0
Cora,Proposed Method,greet,963,1,1,0,0
Cora,Proposed Method,greet,973,2,12,10,1
Cora,Proposed Method,greet,1013,10,10,0,0
Cora,Proposed Method,greet,1015,6,12,6,1
Cora,Proposed Method,greet,1042,1,1,0,0
Cora,Proposed Method,greet,1050,1,2,1,1
Cora,Proposed Method,greet,1072,2,4,2,1
Cora,Proposed Method,greet,1103,1,1,0,0
Cora,Proposed Method,greet,1119,1,1,0,0
Cora,Proposed Method,greet,1131,1,1,0,0
Cora,Proposed Method,greet,1154,1,1,0,0
Cora,Proposed Method,greet,1169,1,4,3,1
Cora,Proposed Method,greet,1171,1,1,0,0
Cora,Proposed Method,greet,1224,1,1,0,0
Cora,Proposed Method,greet,1229,1,1,0,0
Cora,Proposed Method,greet,1257,1,2,1,1
Cora,Proposed Method,greet,1309,1,1,0,0
Cora,Proposed Method,greet,1317,1,1,0,0
Cora,Proposed Method,greet,1351,1,1,0,0
Cora,Proposed Method,greet,1358,1,1,0,0
Cora,Proposed Method,greet,1367,200,217,17,1
Cora,Proposed Method,greet,1413,1,1,0,0
Cora,Proposed Method,greet,1416,1,1,0,0
Cora,Proposed Method,greet,1441,1,1,0,0
Cora,Proposed Method,greet,1483,2,2,0,0
Cora,Proposed Method,greet,1505,1,1,0,0
Cora,Proposed Method,greet,1542,1,1,0,0
Cora,Proposed Method,greet,1583,1,1,0,0
Cora,Proposed Method,greet,1602,1,1,0,0
Cora,Proposed Method,greet,1623,1,1,0,0
Cora,Proposed Method,greet,1624,1,1,0,0
Cora,Proposed Method,greet,1628,1,1,0,0
Cora,Proposed Method,greet,1655,1,1,0,0
Cora,Proposed Method,greet,1682,1,1,0,0
Cora,Proposed Method,greet,1692,1,2,1,1
Cora,Proposed Method,greet,1701,1,1,0,0
Cora,Proposed Method,greet,1702,1,1,0,0
Cora,Proposed Method,greet,1703,1,1,0,0
Cora,Proposed Method,greet,1725,1,3,2,1
Cora,Proposed Method,greet,1740,1,1,0,0
Cora,Proposed Method,greet,1742,1,1,0,0
Cora,Proposed Method,greet,1765,1,1,0,0
Cora,Proposed Method,greet,1776,1,1,0,0
Cora,Proposed Method,greet,1810,1,1,0,0
Cora,Proposed Method,greet,1842,1,1,0,0
Cora,Proposed Method,greet,1869,1,1,0,0
Cora,Proposed Method,greet,1894,1,1,0,0
Cora,Proposed Method,greet,1902,2,2,0,0
Cora,Proposed Method,greet,1912,1,1,0,0
Cora,Proposed Method,greet,1914,3,3,0,0
Cora,Proposed Method,greet,1927,1,1,0,0
Cora,Proposed Method,greet,1950,1,1,0,0
Cora,Proposed Method,greet,1952,1,1,0,0
Cora,Proposed Method,greet,1966,2,6,4,1
Cora,Proposed Method,greet,1973,1,1,0,0
Cora,Proposed Method,greet,55,1,1,0,0
Cora,Proposed Method,greet,59,5,1,-4,0
Cora,Proposed Method,greet,65,1,1,0,0
Cora,Proposed Method,greet,73,2,2,0,0
Cora,Proposed Method,greet,88,1,1,0,0
Cora,Proposed Method,greet,89,1,1,0,0
Cora,Proposed Method,greet,94,2,3,1,1
Cora,Proposed Method,greet,95,1,1,0,0
Cora,Proposed Method,greet,109,1,1,0,0
Cora,Proposed Method,greet,118,1,1,0,0
Cora,Proposed Method,greet,154,1,1,0,0
Cora,Proposed Method,greet,180,1,1,0,0
Cora,Proposed Method,greet,210,1,1,0,0
Cora,Proposed Method,greet,218,1,1,0,0
Cora,Proposed Method,greet,236,1,1,0,0
Cora,Proposed Method,greet,239,1,1,0,0
Cora,Proposed Method,greet,279,1,1,0,0
Cora,Proposed Method,greet,306,1,1,0,0
Cora,Proposed Method,greet,310,1,1,0,0
Cora,Proposed Method,greet,316,1,1,0,0
Cora,Proposed Method,greet,350,3,1,-2,0
Cora,Proposed Method,greet,364,1,2,1,1
Cora,Proposed Method,greet,415,1,2,1,1
Cora,Proposed Method,greet,429,1,1,0,0
Cora,Proposed Method,greet,436,1,1,0,0
Cora,Proposed Method,greet,441,143,40,-103,0
Cora,Proposed Method,greet,454,1,1,0,0
Cora,Proposed Method,greet,456,2,2,0,0
Cora,Proposed Method,greet,487,1,1,0,0
Cora,Proposed Method,greet,505,1,1,0,0
Cora,Proposed Method,greet,507,3,3,0,0
Cora,Proposed Method,greet,519,1,1,0,0
Cora,Proposed Method,greet,525,1,1,0,0
Cora,Proposed Method,greet,565,1,4,3,1
Cora,Proposed Method,greet,577,1,1,0,0
Cora,Proposed Method,greet,598,1,1,0,0
Cora,Proposed Method,greet,645,1,1,0,0
Cora,Proposed Method,greet,657,1,2,1,1
Cora,Proposed Method,greet,661,1,1,0,0
Cora,Proposed Method,greet,687,5,18,13,1
Cora,Proposed Method,greet,733,1,1,0,0
Cora,Proposed Method,greet,734,12,10,-2,0
Cora,Proposed Method,greet,736,1,1,0,0
Cora,Proposed Method,greet,748,1,1,0,0
Cora,Proposed Method,greet,756,2,3,1,1
Cora,Proposed Method,greet,963,1,2,1,1
Cora,Proposed Method,greet,973,2,5,3,1
Cora,Proposed Method,greet,1013,10,9,-1,0
Cora,Proposed Method,greet,1015,6,8,2,1
Cora,Proposed Method,greet,1042,1,1,0,0
Cora,Proposed Method,greet,1050,1,1,0,0
Cora,Proposed Method,greet,1072,2,4,2,1
Cora,Proposed Method,greet,1103,1,1,0,0
Cora,Proposed Method,greet,1119,1,2,1,1
Cora,Proposed Method,greet,1131,1,1,0,0
Cora,Proposed Method,greet,1154,1,1,0,0
Cora,Proposed Method,greet,1169,1,2,1,1
Cora,Proposed Method,greet,1171,1,1,0,0
Cora,Proposed Method,greet,1224,1,1,0,0
Cora,Proposed Method,greet,1229,1,1,0,0
Cora,Proposed Method,greet,1257,1,2,1,1
Cora,Proposed Method,greet,1309,1,1,0,0
Cora,Proposed Method,greet,1317,1,1,0,0
Cora,Proposed Method,greet,1351,1,1,0,0
Cora,Proposed Method,greet,1358,1,1,0,0
Cora,Proposed Method,greet,1367,200,204,4,1
Cora,Proposed Method,greet,1413,1,1,0,0
Cora,Proposed Method,greet,1416,1,1,0,0
Cora,Proposed Method,greet,1441,1,1,0,0
Cora,Proposed Method,greet,1483,2,2,0,0
Cora,Proposed Method,greet,1505,1,1,0,0
Cora,Proposed Method,greet,1542,1,1,0,0
Cora,Proposed Method,greet,1583,1,1,0,0
Cora,Proposed Method,greet,1602,1,1,0,0
Cora,Proposed Method,greet,1623,1,1,0,0
Cora,Proposed Method,greet,1624,1,1,0,0
Cora,Proposed Method,greet,1628,1,1,0,0
Cora,Proposed Method,greet,1655,1,1,0,0
Cora,Proposed Method,greet,1682,1,1,0,0
Cora,Proposed Method,greet,1692,1,2,1,1
Cora,Proposed Method,greet,1701,1,1,0,0
Cora,Proposed Method,greet,1702,1,1,0,0
Cora,Proposed Method,greet,1703,1,1,0,0
Cora,Proposed Method,greet,1725,1,1,0,0
Cora,Proposed Method,greet,1740,1,1,0,0
Cora,Proposed Method,greet,1742,1,1,0,0
Cora,Proposed Method,greet,1765,1,1,0,0
Cora,Proposed Method,greet,1776,1,1,0,0
Cora,Proposed Method,greet,1810,1,1,0,0
Cora,Proposed Method,greet,1842,1,1,0,0
Cora,Proposed Method,greet,1869,1,1,0,0
Cora,Proposed Method,greet,1894,1,1,0,0
Cora,Proposed Method,greet,1902,2,2,0,0
Cora,Proposed Method,greet,1912,1,1,0,0
Cora,Proposed Method,greet,1914,3,3,0,0
Cora,Proposed Method,greet,1927,1,1,0,0
Cora,Proposed Method,greet,1950,1,1,0,0
Cora,Proposed Method,greet,1952,1,1,0,0
Cora,Proposed Method,greet,1966,2,7,5,1
Cora,Proposed Method,greet,1973,1,1,0,0
Cora,Degree,grace,55,3,1,-2,0
Cora,Degree,grace,59,1,1,0,0
Cora,Degree,grace,65,2,2,0,0
Cora,Degree,grace,73,2,4,2,1
Cora,Degree,grace,88,3,1,-2,0
Cora,Degree,grace,89,9,6,-3,0
Cora,Degree,grace,94,2,3,1,1
Cora,Degree,grace,95,12,1,-11,0
Cora,Degree,grace,109,14,10,-4,0
Cora,Degree,grace,118,11,5,-6,0
Cora,Degree,grace,154,10,5,-5,0
Cora,Degree,grace,180,7,5,-2,0
Cora,Degree,grace,210,2,2,0,0
Cora,Degree,grace,218,4,1,-3,0
Cora,Degree,grace,236,2,17,15,1
Cora,Degree,grace,239,1,1,0,0
Cora,Degree,grace,279,8,4,-4,0
Cora,Degree,grace,306,15,7,-8,0
Cora,Degree,grace,310,8,6,-2,0
Cora,Degree,grace,316,18,4,-14,0
Cora,Degree,grace,350,372,637,265,1
Cora,Degree,grace,364,1,1,0,0
Cora,Degree,grace,415,18,4,-14,0
Cora,Degree,grace,429,2,3,1,1
Cora,Degree,grace,436,2,1,-1,0
Cora,Degree,grace,441,1,22,21,1
Cora,Degree,grace,454,1,5,4,1
Cora,Degree,grace,456,1,2,1,1
Cora,Degree,grace,487,3,2,-1,0
Cora,Degree,grace,505,1,1,0,0
Cora,Degree,grace,507,3,3,0,0
Cora,Degree,grace,519,77,39,-38,0
Cora,Degree,grace,525,2,10,8,1
Cora,Degree,grace,565,73,49,-24,0
Cora,Degree,grace,577,3,3,0,0
Cora,Degree,grace,598,13,1,-12,0
Cora,Degree,grace,645,103,2,-101,0
Cora,Degree,grace,657,1,9,8,1
Cora,Degree,grace,661,79,23,-56,0
Cora,Degree,grace,687,4,4,0,0
Cora,Degree,grace,733,52,62,10,1
Cora,Degree,grace,734,4,46,42,1
Cora,Degree,grace,736,1,2,1,1
Cora,Degree,grace,748,3,1,-2,0
Cora,Degree,grace,756,8,11,3,1
Cora,Degree,grace,963,18,10,-8,0
Cora,Degree,grace,973,21,4,-17,0
Cora,Degree,grace,1013,74,38,-36,0
Cora,Degree,grace,1015,23,108,85,1
Cora,Degree,grace,1042,4,2,-2,0
Cora,Degree,grace,1050,1,1,0,0
Cora,Degree,grace,1072,3,8,5,1
Cora,Degree,grace,1103,7,15,8,1
Cora,Degree,grace,1119,1,1,0,0
Cora,Degree,grace,1131,17,8,-9,0
Cora,Degree,grace,1154,15,12,-3,0
Cora,Degree,grace,1169,1,3,2,1
Cora,Degree,grace,1171,26,2,-24,0
Cora,Degree,grace,1224,14,4,-10,0
Cora,Degree,grace,1229,9,5,-4,0
Cora,Degree,grace,1257,2,4,2,1
Cora,Degree,grace,1309,4,1,-3,0
Cora,Degree,grace,1317,3,1,-2,0
Cora,Degree,grace,1351,5,8,3,1
Cora,Degree,grace,1358,66,38,-28,0
Cora,Degree,grace,1367,1,42,41,1
Cora,Degree,grace,1413,12,2,-10,0
Cora,Degree,grace,1416,32,17,-15,0
Cora,Degree,grace,1441,1,3,2,1
Cora,Degree,grace,1483,10,7,-3,0
Cora,Degree,grace,1505,29,4,-25,0
Cora,Degree,grace,1542,2,2,0,0
Cora,Degree,grace,1583,4,3,-1,0
Cora,Degree,grace,1602,209,273,64,1
Cora,Degree,grace,1623,37,13,-24,0
Cora,Degree,grace,1624,3,2,-1,0
Cora,Degree,grace,1628,1,1,0,0
Cora,Degree,grace,1655,15,6,-9,0
Cora,Degree,grace,1682,1,1,0,0
Cora,Degree,grace,1692,3,2,-1,0
Cora,Degree,grace,1701,51,16,-35,0
Cora,Degree,grace,1702,1,10,9,1
Cora,Degree,grace,1703,1,1,0,0
Cora,Degree,grace,1725,2,10,8,1
Cora,Degree,grace,1740,1,1,0,0
Cora,Degree,grace,1742,9,2,-7,0
Cora,Degree,grace,1765,1,1,0,0
Cora,Degree,grace,1776,2,1,-1,0
Cora,Degree,grace,1810,411,457,46,1
Cora,Degree,grace,1842,3,2,-1,0
Cora,Degree,grace,1869,30,13,-17,0
Cora,Degree,grace,1894,48,38,-10,0
Cora,Degree,grace,1902,1,5,4,1
Cora,Degree,grace,1912,5,1,-4,0
Cora,Degree,grace,1914,24,17,-7,0
Cora,Degree,grace,1927,2,3,1,1
Cora,Degree,grace,1950,10,3,-7,0
Cora,Degree,grace,1952,4,3,-1,0
Cora,Degree,grace,1966,4,1,-3,0
Cora,Degree,grace,1973,3,1,-2,0
Cora,Degree,grace,55,3,1,-2,0
Cora,Degree,grace,59,1,1,0,0
Cora,Degree,grace,65,2,3,1,1
Cora,Degree,grace,73,2,6,4,1
Cora,Degree,grace,88,3,1,-2,0
Cora,Degree,grace,89,9,4,-5,0
Cora,Degree,grace,94,2,2,0,0
Cora,Degree,grace,95,12,1,-11,0
Cora,Degree,grace,109,14,10,-4,0
Cora,Degree,grace,118,11,6,-5,0
Cora,Degree,grace,154,10,4,-6,0
Cora,Degree,grace,180,7,4,-3,0
Cora,Degree,grace,210,2,1,-1,0
Cora,Degree,grace,218,4,1,-3,0
Cora,Degree,grace,236,2,16,14,1
Cora,Degree,grace,239,1,1,0,0
Cora,Degree,grace,279,8,4,-4,0
Cora,Degree,grace,306,15,7,-8,0
Cora,Degree,grace,310,8,6,-2,0
Cora,Degree,grace,316,18,4,-14,0
Cora,Degree,grace,350,372,669,297,1
Cora,Degree,grace,364,1,1,0,0
Cora,Degree,grace,415,18,4,-14,0
Cora,Degree,grace,429,2,2,0,0
Cora,Degree,grace,436,2,1,-1,0
Cora,Degree,grace,441,1,28,27,1
Cora,Degree,grace,454,1,4,3,1
Cora,Degree,grace,456,1,2,1,1
Cora,Degree,grace,487,3,2,-1,0
Cora,Degree,grace,505,1,1,0,0
Cora,Degree,grace,507,3,3,0,0
Cora,Degree,grace,519,77,23,-54,0
Cora,Degree,grace,525,2,9,7,1
Cora,Degree,grace,565,73,31,-42,0
Cora,Degree,grace,577,3,3,0,0
Cora,Degree,grace,598,13,1,-12,0
Cora,Degree,grace,645,103,1,-102,0
Cora,Degree,grace,657,1,8,7,1
Cora,Degree,grace,661,79,36,-43,0
Cora,Degree,grace,687,4,4,0,0
Cora,Degree,grace,733,52,51,-1,0
Cora,Degree,grace,734,4,45,41,1
Cora,Degree,grace,736,1,1,0,0
Cora,Degree,grace,748,3,1,-2,0
Cora,Degree,grace,756,8,8,0,0
Cora,Degree,grace,963,18,7,-11,0
Cora,Degree,grace,973,21,2,-19,0
Cora,Degree,grace,1013,74,47,-27,0
Cora,Degree,grace,1015,23,128,105,1
Cora,Degree,grace,1042,4,1,-3,0
Cora,Degree,grace,1050,1,1,0,0
Cora,Degree,grace,1072,3,8,5,1
Cora,Degree,grace,1103,7,17,10,1
Cora,Degree,grace,1119,1,1,0,0
Cora,Degree,grace,1131,17,8,-9,0
Cora,Degree,grace,1154,15,12,-3,0
Cora,Degree,grace,1169,1,3,2,1
Cora,Degree,grace,1171,26,2,-24,0
Cora,Degree,grace,1224,14,4,-10,0
Cora,Degree,grace,1229,9,5,-4,0
Cora,Degree,grace,1257,2,5,3,1
Cora,Degree,grace,1309,4,1,-3,0
Cora,Degree,grace,1317,3,1,-2,0
Cora,Degree,grace,1351,5,14,9,1
Cora,Degree,grace,1358,66,38,-28,0
Cora,Degree,grace,1367,1,65,64,1
Cora,Degree,grace,1413,12,2,-10,0
Cora,Degree,grace,1416,32,12,-20,0
Cora,Degree,grace,1441,1,3,2,1
Cora,Degree,grace,1483,10,7,-3,0
Cora,Degree,grace,1505,29,3,-26,0
Cora,Degree,grace,1542,2,2,0,0
Cora,Degree,grace,1583,4,3,-1,0
Cora,Degree,grace,1602,209,193,-16,0
Cora,Degree,grace,1623,37,13,-24,0
Cora,Degree,grace,1624,3,2,-1,0
Cora,Degree,grace,1628,1,1,0,0
Cora,Degree,grace,1655,15,5,-10,0
Cora,Degree,grace,1682,1,1,0,0
Cora,Degree,grace,1692,3,2,-1,0
Cora,Degree,grace,1701,51,16,-35,0
Cora,Degree,grace,1702,1,13,12,1
Cora,Degree,grace,1703,1,1,0,0
Cora,Degree,grace,1725,2,13,11,1
Cora,Degree,grace,1740,1,1,0,0
Cora,Degree,grace,1742,9,2,-7,0
Cora,Degree,grace,1765,1,1,0,0
Cora,Degree,grace,1776,2,1,-1,0
Cora,Degree,grace,1810,411,523,112,1
Cora,Degree,grace,1842,3,2,-1,0
Cora,Degree,grace,1869,30,15,-15,0
Cora,Degree,grace,1894,48,48,0,0
Cora,Degree,grace,1902,1,5,4,1
Cora,Degree,grace,1912,5,1,-4,0
Cora,Degree,grace,1914,24,13,-11,0
Cora,Degree,grace,1927,2,3,1,1
Cora,Degree,grace,1950,10,3,-7,0
Cora,Degree,grace,1952,4,3,-1,0
Cora,Degree,grace,1966,4,2,-2,0
Cora,Degree,grace,1973,3,1,-2,0
Cora,Degree,grace,55,3,1,-2,0
Cora,Degree,grace,59,1,1,0,0
Cora,Degree,grace,65,2,3,1,1
Cora,Degree,grace,73,2,7,5,1
Cora,Degree,grace,88,3,1,-2,0
Cora,Degree,grace,89,9,2,-7,0
Cora,Degree,grace,94,2,3,1,1
Cora,Degree,grace,95,12,1,-11,0
Cora,Degree,grace,109,14,13,-1,0
Cora,Degree,grace,118,11,7,-4,0
Cora,Degree,grace,154,10,3,-7,0
Cora,Degree,grace,180,7,4,-3,0
Cora,Degree,grace,210,2,2,0,0
Cora,Degree,grace,218,4,1,-3,0
Cora,Degree,grace,236,2,14,12,1
Cora,Degree,grace,239,1,3,2,1
Cora,Degree,grace,279,8,4,-4,0
Cora,Degree,grace,306,15,7,-8,0
Cora,Degree,grace,310,8,6,-2,0
Cora,Degree,grace,316,18,5,-13,0
Cora,Degree,grace,350,372,747,375,1
Cora,Degree,grace,364,1,2,1,1
Cora,Degree,grace,415,18,4,-14,0
Cora,Degree,grace,429,2,2,0,0
Cora,Degree,grace,436,2,1,-1,0
Cora,Degree,grace,441,1,38,37,1
Cora,Degree,grace,454,1,6,5,1
Cora,Degree,grace,456,1,2,1,1
Cora,Degree,grace,487,3,3,0,0
Cora,Degree,grace,505,1,1,0,0
Cora,Degree,grace,507,3,3,0,0
Cora,Degree,grace,519,77,47,-30,0
Cora,Degree,grace,525,2,9,7,1
Cora,Degree,grace,565,73,39,-34,0
Cora,Degree,grace,577,3,3,0,0
Cora,Degree,grace,598,13,1,-12,0
Cora,Degree,grace,645,103,1,-102,0
Cora,Degree,grace,657,1,8,7,1
Cora,Degree,grace,661,79,35,-44,0
Cora,Degree,grace,687,4,4,0,0
Cora,Degree,grace,733,52,31,-21,0
Cora,Degree,grace,734,4,45,41,1
Cora,Degree,grace,736,1,1,0,0
Cora,Degree,grace,748,3,1,-2,0
Cora,Degree,grace,756,8,8,0,0
Cora,Degree,grace,963,18,7,-11,0
Cora,Degree,grace,973,21,1,-20,0
Cora,Degree,grace,1013,74,53,-21,0
Cora,Degree,grace,1015,23,128,105,1
Cora,Degree,grace,1042,4,2,-2,0
Cora,Degree,grace,1050,1,1,0,0
Cora,Degree,grace,1072,3,11,8,1
Cora,Degree,grace,1103,7,17,10,1
Cora,Degree,grace,1119,1,1,0,0
Cora,Degree,grace,1131,17,7,-10,0
Cora,Degree,grace,1154,15,16,1,1
Cora,Degree,grace,1169,1,3,2,1
Cora,Degree,grace,1171,26,4,-22,0
Cora,Degree,grace,1224,14,4,-10,0
Cora,Degree,grace,1229,9,5,-4,0
Cora,Degree,grace,1257,2,5,3,1
Cora,Degree,grace,1309,4,1,-3,0
Cora,Degree,grace,1317,3,1,-2,0
Cora,Degree,grace,1351,5,18,13,1
Cora,Degree,grace,1358,66,38,-28,0
Cora,Degree,grace,1367,1,65,64,1
Cora,Degree,grace,1413,12,2,-10,0
Cora,Degree,grace,1416,32,15,-17,0
Cora,Degree,grace,1441,1,4,3,1
Cora,Degree,grace,1483,10,8,-2,0
Cora,Degree,grace,1505,29,3,-26,0
Cora,Degree,grace,1542,2,3,1,1
Cora,Degree,grace,1583,4,4,0,0
Cora,Degree,grace,1602,209,203,-6,0
Cora,Degree,grace,1623,37,17,-20,0
Cora,Degree,grace,1624,3,1,-2,0
Cora,Degree,grace,1628,1,1,0,0
Cora,Degree,grace,1655,15,5,-10,0
Cora,Degree,grace,1682,1,1,0,0
Cora,Degree,grace,1692,3,2,-1,0
Cora,Degree,grace,1701,51,18,-33,0
Cora,Degree,grace,1702,1,13,12,1
Cora,Degree,grace,1703,1,1,0,0
Cora,Degree,grace,1725,2,13,11,1
Cora,Degree,grace,1740,1,1,0,0
Cora,Degree,grace,1742,9,2,-7,0
Cora,Degree,grace,1765,1,1,0,0
Cora,Degree,grace,1776,2,1,-1,0
Cora,Degree,grace,1810,411,527,116,1
Cora,Degree,grace,1842,3,2,-1,0
Cora,Degree,grace,1869,30,15,-15,0
Cora,Degree,grace,1894,48,21,-27,0
Cora,Degree,grace,1902,1,3,2,1
Cora,Degree,grace,1912,5,1,-4,0
Cora,Degree,grace,1914,24,10,-14,0
Cora,Degree,grace,1927,2,3,1,1
Cora,Degree,grace,1950,10,3,-7,0
Cora,Degree,grace,1952,4,4,0,0
Cora,Degree,grace,1966,4,2,-2,0
Cora,Degree,grace,1973,3,1,-2,0
Cora,Degree,grace,55,3,1,-2,0
Cora,Degree,grace,59,1,1,0,0
Cora,Degree,grace,65,2,1,-1,0
Cora,Degree,grace,73,2,7,5,1
Cora,Degree,grace,88,3,1,-2,0
Cora,Degree,grace,89,9,2,-7,0
Cora,Degree,grace,94,2,2,0,0
Cora,Degree,grace,95,12,1,-11,0
Cora,Degree,grace,109,14,10,-4,0
Cora,Degree,grace,118,11,6,-5,0
Cora,Degree,grace,154,10,3,-7,0
Cora,Degree,grace,180,7,4,-3,0
Cora,Degree,grace,210,2,2,0,0
Cora,Degree,grace,218,4,1,-3,0
Cora,Degree,grace,236,2,14,12,1
Cora,Degree,grace,239,1,3,2,1
Cora,Degree,grace,279,8,4,-4,0
Cora,Degree,grace,306,15,7,-8,0
Cora,Degree,grace,310,8,5,-3,0
Cora,Degree,grace,316,18,5,-13,0
Cora,Degree,grace,350,372,786,414,1
Cora,Degree,grace,364,1,1,0,0
Cora,Degree,grace,415,18,3,-15,0
Cora,Degree,grace,429,2,2,0,0
Cora,Degree,grace,436,2,1,-1,0
Cora,Degree,grace,441,1,23,22,1
Cora,Degree,grace,454,1,5,4,1
Cora,Degree,grace,456,1,2,1,1
Cora,Degree,grace,487,3,2,-1,0
Cora,Degree,grace,505,1,1,0,0
Cora,Degree,grace,507,3,3,0,0
Cora,Degree,grace,519,77,14,-63,0
Cora,Degree,grace,525,2,8,6,1
Cora,Degree,grace,565,73,48,-25,0
Cora,Degree,grace,577,3,3,0,0
Cora,Degree,grace,598,13,1,-12,0
Cora,Degree,grace,645,103,1,-102,0
Cora,Degree,grace,657,1,11,10,1
Cora,Degree,grace,661,79,34,-45,0
Cora,Degree,grace,687,4,4,0,0
Cora,Degree,grace,733,52,25,-27,0
Cora,Degree,grace,734,4,45,41,1
Cora,Degree,grace,736,1,1,0,0
Cora,Degree,grace,748,3,1,-2,0
Cora,Degree,grace,756,8,8,0,0
Cora,Degree,grace,963,18,7,-11,0
Cora,Degree,grace,973,21,2,-19,0
Cora,Degree,grace,1013,74,36,-38,0
Cora,Degree,grace,1015,23,127,104,1
Cora,Degree,grace,1042,4,3,-1,0
Cora,Degree,grace,1050,1,5,4,1
Cora,Degree,grace,1072,3,11,8,1
Cora,Degree,grace,1103,7,22,15,1
Cora,Degree,grace,1119,1,1,0,0
Cora,Degree,grace,1131,17,8,-9,0
Cora,Degree,grace,1154,15,14,-1,0
Cora,Degree,grace,1169,1,3,2,1
Cora,Degree,grace,1171,26,9,-17,0
Cora,Degree,grace,1224,14,4,-10,0
Cora,Degree,grace,1229,9,5,-4,0
Cora,Degree,grace,1257,2,4,2,1
Cora,Degree,grace,1309,4,1,-3,0
Cora,Degree,grace,1317,3,1,-2,0
Cora,Degree,grace,1351,5,5,0,0
Cora,Degree,grace,1358,66,33,-33,0
Cora,Degree,grace,1367,1,65,64,1
Cora,Degree,grace,1413,12,2,-10,0
Cora,Degree,grace,1416,32,12,-20,0
Cora,Degree,grace,1441,1,5,4,1
Cora,Degree,grace,1483,10,8,-2,0
Cora,Degree,grace,1505,29,4,-25,0
Cora,Degree,grace,1542,2,3,1,1
Cora,Degree,grace,1583,4,4,0,0
Cora,Degree,grace,1602,209,208,-1,0
Cora,Degree,grace,1623,37,19,-18,0
Cora,Degree,grace,1624,3,1,-2,0
Cora,Degree,grace,1628,1,1,0,0
Cora,Degree,grace,1655,15,13,-2,0
Cora,Degree,grace,1682,1,1,0,0
Cora,Degree,grace,1692,3,2,-1,0
Cora,Degree,grace,1701,51,16,-35,0
Cora,Degree,grace,1702,1,13,12,1
Cora,Degree,grace,1703,1,1,0,0
Cora,Degree,grace,1725,2,13,11,1
Cora,Degree,grace,1740,1,1,0,0
Cora,Degree,grace,1742,9,2,-7,0
Cora,Degree,grace,1765,1,1,0,0
Cora,Degree,grace,1776,2,1,-1,0
Cora,Degree,grace,1810,411,533,122,1
Cora,Degree,grace,1842,3,2,-1,0
Cora,Degree,grace,1869,30,21,-9,0
Cora,Degree,grace,1894,48,6,-42,0
Cora,Degree,grace,1902,1,4,3,1
Cora,Degree,grace,1912,5,1,-4,0
Cora,Degree,grace,1914,24,20,-4,0
Cora,Degree,grace,1927,2,3,1,1
Cora,Degree,grace,1950,10,2,-8,0
Cora,Degree,grace,1952,4,2,-2,0
Cora,Degree,grace,1966,4,1,-3,0
Cora,Degree,grace,1973,3,1,-2,0
Cora,Degree,grace,55,3,1,-2,0
Cora,Degree,grace,59,1,1,0,0
Cora,Degree,grace,65,2,1,-1,0
Cora,Degree,grace,73,2,7,5,1
Cora,Degree,grace,88,3,1,-2,0
Cora,Degree,grace,89,9,1,-8,0
Cora,Degree,grace,94,2,2,0,0
Cora,Degree,grace,95,12,1,-11,0
Cora,Degree,grace,109,14,10,-4,0
Cora,Degree,grace,118,11,6,-5,0
Cora,Degree,grace,154,10,3,-7,0
Cora,Degree,grace,180,7,5,-2,0
Cora,Degree,grace,210,2,1,-1,0
Cora,Degree,grace,218,4,1,-3,0
Cora,Degree,grace,236,2,22,20,1
Cora,Degree,grace,239,1,2,1,1
Cora,Degree,grace,279,8,5,-3,0
Cora,Degree,grace,306,15,7,-8,0
Cora,Degree,grace,310,8,5,-3,0
Cora,Degree,grace,316,18,5,-13,0
Cora,Degree,grace,350,372,784,412,1
Cora,Degree,grace,364,1,2,1,1
Cora,Degree,grace,415,18,3,-15,0
Cora,Degree,grace,429,2,1,-1,0
Cora,Degree,grace,436,2,1,-1,0
Cora,Degree,grace,441,1,7,6,1
Cora,Degree,grace,454,1,21,20,1
Cora,Degree,grace,456,1,2,1,1
Cora,Degree,grace,487,3,2,-1,0
Cora,Degree,grace,505,1,1,0,0
Cora,Degree,grace,507,3,3,0,0
Cora,Degree,grace,519,77,39,-38,0
Cora,Degree,grace,525,2,6,4,1
Cora,Degree,grace,565,73,46,-27,0
Cora,Degree,grace,577,3,3,0,0
Cora,Degree,grace,598,13,1,-12,0
Cora,Degree,grace,645,103,1,-102,0
Cora,Degree,grace,657,1,16,15,1
Cora,Degree,grace,661,79,30,-49,0
Cora,Degree,grace,687,4,4,0,0
Cora,Degree,grace,733,52,34,-18,0
Cora,Degree,grace,734,4,45,41,1
Cora,Degree,grace,736,1,1,0,0
Cora,Degree,grace,748,3,1,-2,0
Cora,Degree,grace,756,8,8,0,0
Cora,Degree,grace,963,18,7,-11,0
Cora,Degree,grace,973,21,3,-18,0
Cora,Degree,grace,1013,74,43,-31,0
Cora,Degree,grace,1015,23,95,72,1
Cora,Degree,grace,1042,4,1,-3,0
Cora,Degree,grace,1050,1,3,2,1
Cora,Degree,grace,1072,3,11,8,1
Cora,Degree,grace,1103,7,17,10,1
Cora,Degree,grace,1119,1,1,0,0
Cora,Degree,grace,1131,17,8,-9,0
Cora,Degree,grace,1154,15,14,-1,0
Cora,Degree,grace,1169,1,3,2,1
Cora,Degree,grace,1171,26,11,-15,0
Cora,Degree,grace,1224,14,4,-10,0
Cora,Degree,grace,1229,9,6,-3,0
Cora,Degree,grace,1257,2,4,2,1
Cora,Degree,grace,1309,4,1,-3,0
Cora,Degree,grace,1317,3,1,-2,0
Cora,Degree,grace,1351,5,7,2,1
Cora,Degree,grace,1358,66,34,-32,0
Cora,Degree,grace,1367,1,73,72,1
Cora,Degree,grace,1413,12,2,-10,0
Cora,Degree,grace,1416,32,12,-20,0
Cora,Degree,grace,1441,1,5,4,1
Cora,Degree,grace,1483,10,9,-1,0
Cora,Degree,grace,1505,29,9,-20,0
Cora,Degree,grace,1542,2,3,1,1
Cora,Degree,grace,1583,4,3,-1,0
Cora,Degree,grace,1602,209,208,-1,0
Cora,Degree,grace,1623,37,19,-18,0
Cora,Degree,grace,1624,3,1,-2,0
Cora,Degree,grace,1628,1,1,0,0
Cora,Degree,grace,1655,15,19,4,1
Cora,Degree,grace,1682,1,1,0,0
Cora,Degree,grace,1692,3,2,-1,0
Cora,Degree,grace,1701,51,16,-35,0
Cora,Degree,grace,1702,1,14,13,1
Cora,Degree,grace,1703,1,1,0,0
Cora,Degree,grace,1725,2,13,11,1
Cora,Degree,grace,1740,1,2,1,1
Cora,Degree,grace,1742,9,2,-7,0
Cora,Degree,grace,1765,1,4,3,1
Cora,Degree,grace,1776,2,1,-1,0
Cora,Degree,grace,1810,411,546,135,1
Cora,Degree,grace,1842,3,2,-1,0
Cora,Degree,grace,1869,30,22,-8,0
Cora,Degree,grace,1894,48,14,-34,0
Cora,Degree,grace,1902,1,3,2,1
Cora,Degree,grace,1912,5,1,-4,0
Cora,Degree,grace,1914,24,24,0,0
Cora,Degree,grace,1927,2,4,2,1
Cora,Degree,grace,1950,10,2,-8,0
Cora,Degree,grace,1952,4,3,-1,0
Cora,Degree,grace,1966,4,1,-3,0
Cora,Degree,grace,1973,3,1,-2,0
Cora,per_node_gold_attack,grace,55,3,1,-2,0
Cora,per_node_gold_attack,grace,59,1,1,0,0
Cora,per_node_gold_attack,grace,65,2,4,2,1
Cora,per_node_gold_attack,grace,73,2,5,3,1
Cora,per_node_gold_attack,grace,88,3,2,-1,0
Cora,per_node_gold_attack,grace,89,9,8,-1,0
Cora,per_node_gold_attack,grace,94,2,3,1,1
Cora,per_node_gold_attack,grace,95,12,2,-10,0
Cora,per_node_gold_attack,grace,109,14,21,7,1
Cora,per_node_gold_attack,grace,118,11,6,-5,0
Cora,per_node_gold_attack,grace,154,10,9,-1,0
Cora,per_node_gold_attack,grace,180,7,5,-2,0
Cora,per_node_gold_attack,grace,210,2,2,0,0
Cora,per_node_gold_attack,grace,218,4,2,-2,0
Cora,per_node_gold_attack,grace,236,2,20,18,1
Cora,per_node_gold_attack,grace,239,1,3,2,1
Cora,per_node_gold_attack,grace,279,8,13,5,1
Cora,per_node_gold_attack,grace,306,15,7,-8,0
Cora,per_node_gold_attack,grace,310,8,6,-2,0
Cora,per_node_gold_attack,grace,316,18,4,-14,0
Cora,per_node_gold_attack,grace,350,372,666,294,1
Cora,per_node_gold_attack,grace,364,1,2,1,1
Cora,per_node_gold_attack,grace,415,18,4,-14,0
Cora,per_node_gold_attack,grace,429,2,3,1,1
Cora,per_node_gold_attack,grace,436,2,1,-1,0
Cora,per_node_gold_attack,grace,441,1,29,28,1
Cora,per_node_gold_attack,grace,454,1,5,4,1
Cora,per_node_gold_attack,grace,456,1,2,1,1
Cora,per_node_gold_attack,grace,487,3,3,0,0
Cora,per_node_gold_attack,grace,505,1,1,0,0
Cora,per_node_gold_attack,grace,507,3,3,0,0
Cora,per_node_gold_attack,grace,519,77,50,-27,0
Cora,per_node_gold_attack,grace,525,2,11,9,1
Cora,per_node_gold_attack,grace,565,73,49,-24,0
Cora,per_node_gold_attack,grace,577,3,3,0,0
Cora,per_node_gold_attack,grace,598,13,1,-12,0
Cora,per_node_gold_attack,grace,645,103,7,-96,0
Cora,per_node_gold_attack,grace,657,1,10,9,1
Cora,per_node_gold_attack,grace,661,79,23,-56,0
Cora,per_node_gold_attack,grace,687,4,4,0,0
Cora,per_node_gold_attack,grace,733,52,77,25,1
Cora,per_node_gold_attack,grace,734,4,46,42,1
Cora,per_node_gold_attack,grace,736,1,2,1,1
Cora,per_node_gold_attack,grace,748,3,10,7,1
Cora,per_node_gold_attack,grace,756,8,11,3,1
Cora,per_node_gold_attack,grace,963,18,12,-6,0
Cora,per_node_gold_attack,grace,973,21,4,-17,0
Cora,per_node_gold_attack,grace,1013,74,47,-27,0
Cora,per_node_gold_attack,grace,1015,23,112,89,1
Cora,per_node_gold_attack,grace,1042,4,2,-2,0
Cora,per_node_gold_attack,grace,1050,1,1,0,0
Cora,per_node_gold_attack,grace,1072,3,11,8,1
Cora,per_node_gold_attack,grace,1103,7,19,12,1
Cora,per_node_gold_attack,grace,1119,1,1,0,0
Cora,per_node_gold_attack,grace,1131,17,11,-6,0
Cora,per_node_gold_attack,grace,1154,15,25,10,1
Cora,per_node_gold_attack,grace,1169,1,5,4,1
Cora,per_node_gold_attack,grace,1171,26,3,-23,0
Cora,per_node_gold_attack,grace,1224,14,4,-10,0
Cora,per_node_gold_attack,grace,1229,9,5,-4,0
Cora,per_node_gold_attack,grace,1257,2,4,2,1
Cora,per_node_gold_attack,grace,1309,4,1,-3,0
Cora,per_node_gold_attack,grace,1317,3,1,-2,0
Cora,per_node_gold_attack,grace,1351,5,13,8,1
Cora,per_node_gold_attack,grace,1358,66,38,-28,0
Cora,per_node_gold_attack,grace,1367,1,45,44,1
Cora,per_node_gold_attack,grace,1413,12,3,-9,0
Cora,per_node_gold_attack,grace,1416,32,18,-14,0
Cora,per_node_gold_attack,grace,1441,1,8,7,1
Cora,per_node_gold_attack,grace,1483,10,7,-3,0
Cora,per_node_gold_attack,grace,1505,29,6,-23,0
Cora,per_node_gold_attack,grace,1542,2,2,0,0
Cora,per_node_gold_attack,grace,1583,4,3,-1,0
Cora,per_node_gold_attack,grace,1602,209,304,95,1
Cora,per_node_gold_attack,grace,1623,37,19,-18,0
Cora,per_node_gold_attack,grace,1624,3,2,-1,0
Cora,per_node_gold_attack,grace,1628,1,1,0,0
Cora,per_node_gold_attack,grace,1655,15,7,-8,0
Cora,per_node_gold_attack,grace,1682,1,1,0,0
Cora,per_node_gold_attack,grace,1692,3,2,-1,0
Cora,per_node_gold_attack,grace,1701,51,18,-33,0
Cora,per_node_gold_attack,grace,1702,1,10,9,1
Cora,per_node_gold_attack,grace,1703,1,1,0,0
Cora,per_node_gold_attack,grace,1725,2,17,15,1
Cora,per_node_gold_attack,grace,1740,1,2,1,1
Cora,per_node_gold_attack,grace,1742,9,5,-4,0
Cora,per_node_gold_attack,grace,1765,1,1,0,0
Cora,per_node_gold_attack,grace,1776,2,1,-1,0
Cora,per_node_gold_attack,grace,1810,411,524,113,1
Cora,per_node_gold_attack,grace,1842,3,3,0,0
Cora,per_node_gold_attack,grace,1869,30,20,-10,0
Cora,per_node_gold_attack,grace,1894,48,38,-10,0
Cora,per_node_gold_attack,grace,1902,1,5,4,1
Cora,per_node_gold_attack,grace,1912,5,1,-4,0
Cora,per_node_gold_attack,grace,1914,24,19,-5,0
Cora,per_node_gold_attack,grace,1927,2,4,2,1
Cora,per_node_gold_attack,grace,1950,10,3,-7,0
Cora,per_node_gold_attack,grace,1952,4,3,-1,0
Cora,per_node_gold_attack,grace,1966,4,3,-1,0
Cora,per_node_gold_attack,grace,1973,3,1,-2,0
Cora,per_node_gold_attack,grace,55,3,1,-2,0
Cora,per_node_gold_attack,grace,59,1,1,0,0
Cora,per_node_gold_attack,grace,65,2,4,2,1
Cora,per_node_gold_attack,grace,73,2,6,4,1
Cora,per_node_gold_attack,grace,88,3,2,-1,0
Cora,per_node_gold_attack,grace,89,9,10,1,1
Cora,per_node_gold_attack,grace,94,2,3,1,1
Cora,per_node_gold_attack,grace,95,12,2,-10,0
Cora,per_node_gold_attack,grace,109,14,29,15,1
Cora,per_node_gold_attack,grace,118,11,6,-5,0
Cora,per_node_gold_attack,grace,154,10,21,11,1
Cora,per_node_gold_attack,grace,180,7,5,-2,0
Cora,per_node_gold_attack,grace,210,2,2,0,0
Cora,per_node_gold_attack,grace,218,4,3,-1,0
Cora,per_node_gold_attack,grace,236,2,35,33,1
Cora,per_node_gold_attack,grace,239,1,4,3,1
Cora,per_node_gold_attack,grace,279,8,17,9,1
Cora,per_node_gold_attack,grace,306,15,7,-8,0
Cora,per_node_gold_attack,grace,310,8,6,-2,0
Cora,per_node_gold_attack,grace,316,18,13,-5,0
Cora,per_node_gold_attack,grace,350,372,732,360,1
Cora,per_node_gold_attack,grace,364,1,2,1,1
Cora,per_node_gold_attack,grace,415,18,4,-14,0
Cora,per_node_gold_attack,grace,429,2,3,1,1
Cora,per_node_gold_attack,grace,436,2,1,-1,0
Cora,per_node_gold_attack,grace,441,1,58,57,1
Cora,per_node_gold_attack,grace,454,1,16,15,1
Cora,per_node_gold_attack,grace,456,1,2,1,1
Cora,per_node_gold_attack,grace,487,3,4,1,1
Cora,per_node_gold_attack,grace,505,1,1,0,0
Cora,per_node_gold_attack,grace,507,3,3,0,0
Cora,per_node_gold_attack,grace,519,77,76,-1,0
Cora,per_node_gold_attack,grace,525,2,14,12,1
Cora,per_node_gold_attack,grace,565,73,66,-7,0
Cora,per_node_gold_attack,grace,577,3,3,0,0
Cora,per_node_gold_attack,grace,598,13,1,-12,0
Cora,per_node_gold_attack,grace,645,103,21,-82,0
Cora,per_node_gold_attack,grace,657,1,13,12,1
Cora,per_node_gold_attack,grace,661,79,38,-41,0
Cora,per_node_gold_attack,grace,687,4,4,0,0
Cora,per_node_gold_attack,grace,733,52,104,52,1
Cora,per_node_gold_attack,grace,734,4,50,46,1
Cora,per_node_gold_attack,grace,736,1,2,1,1
Cora,per_node_gold_attack,grace,748,3,25,22,1
Cora,per_node_gold_attack,grace,756,8,11,3,1
Cora,per_node_gold_attack,grace,963,18,13,-5,0
Cora,per_node_gold_attack,grace,973,21,7,-14,0
Cora,per_node_gold_attack,grace,1013,74,52,-22,0
Cora,per_node_gold_attack,grace,1015,23,134,111,1
Cora,per_node_gold_attack,grace,1042,4,2,-2,0
Cora,per_node_gold_attack,grace,1050,1,1,0,0
Cora,per_node_gold_attack,grace,1072,3,17,14,1
Cora,per_node_gold_attack,grace,1103,7,25,18,1
Cora,per_node_gold_attack,grace,1119,1,1,0,0
Cora,per_node_gold_attack,grace,1131,17,12,-5,0
Cora,per_node_gold_attack,grace,1154,15,32,17,1
Cora,per_node_gold_attack,grace,1169,1,5,4,1
Cora,per_node_gold_attack,grace,1171,26,8,-18,0
Cora,per_node_gold_attack,grace,1224,14,4,-10,0
Cora,per_node_gold_attack,grace,1229,9,5,-4,0
Cora,per_node_gold_attack,grace,1257,2,4,2,1
Cora,per_node_gold_attack,grace,1309,4,1,-3,0
Cora,per_node_gold_attack,grace,1317,3,1,-2,0
Cora,per_node_gold_attack,grace,1351,5,19,14,1
Cora,per_node_gold_attack,grace,1358,66,38,-28,0
Cora,per_node_gold_attack,grace,1367,1,65,64,1
Cora,per_node_gold_attack,grace,1413,12,3,-9,0
Cora,per_node_gold_attack,grace,1416,32,33,1,1
Cora,per_node_gold_attack,grace,1441,1,10,9,1
Cora,per_node_gold_attack,grace,1483,10,7,-3,0
Cora,per_node_gold_attack,grace,1505,29,8,-21,0
Cora,per_node_gold_attack,grace,1542,2,2,0,0
Cora,per_node_gold_attack,grace,1583,4,3,-1,0
Cora,per_node_gold_attack,grace,1602,209,362,153,1
Cora,per_node_gold_attack,grace,1623,37,19,-18,0
Cora,per_node_gold_attack,grace,1624,3,2,-1,0
Cora,per_node_gold_attack,grace,1628,1,1,0,0
Cora,per_node_gold_attack,grace,1655,15,16,1,1
Cora,per_node_gold_attack,grace,1682,1,1,0,0
Cora,per_node_gold_attack,grace,1692,3,2,-1,0
Cora,per_node_gold_attack,grace,1701,51,20,-31,0
Cora,per_node_gold_attack,grace,1702,1,14,13,1
Cora,per_node_gold_attack,grace,1703,1,1,0,0
Cora,per_node_gold_attack,grace,1725,2,18,16,1
Cora,per_node_gold_attack,grace,1740,1,5,4,1
Cora,per_node_gold_attack,grace,1742,9,8,-1,0
Cora,per_node_gold_attack,grace,1765,1,1,0,0
Cora,per_node_gold_attack,grace,1776,2,1,-1,0
Cora,per_node_gold_attack,grace,1810,411,549,138,1
Cora,per_node_gold_attack,grace,1842,3,3,0,0
Cora,per_node_gold_attack,grace,1869,30,55,25,1
Cora,per_node_gold_attack,grace,1894,48,48,0,0
Cora,per_node_gold_attack,grace,1902,1,5,4,1
Cora,per_node_gold_attack,grace,1912,5,1,-4,0
Cora,per_node_gold_attack,grace,1914,24,25,1,1
Cora,per_node_gold_attack,grace,1927,2,4,2,1
Cora,per_node_gold_attack,grace,1950,10,3,-7,0
Cora,per_node_gold_attack,grace,1952,4,3,-1,0
Cora,per_node_gold_attack,grace,1966,4,3,-1,0
Cora,per_node_gold_attack,grace,1973,3,1,-2,0
Cora,per_node_gold_attack,grace,55,3,1,-2,0
Cora,per_node_gold_attack,grace,59,1,1,0,0
Cora,per_node_gold_attack,grace,65,2,7,5,1
Cora,per_node_gold_attack,grace,73,2,6,4,1
Cora,per_node_gold_attack,grace,88,3,2,-1,0
Cora,per_node_gold_attack,grace,89,9,12,3,1
Cora,per_node_gold_attack,grace,94,2,3,1,1
Cora,per_node_gold_attack,grace,95,12,2,-10,0
Cora,per_node_gold_attack,grace,109,14,34,20,1
Cora,per_node_gold_attack,grace,118,11,7,-4,0
Cora,per_node_gold_attack,grace,154,10,34,24,1
Cora,per_node_gold_attack,grace,180,7,5,-2,0
Cora,per_node_gold_attack,grace,210,2,3,1,1
Cora,per_node_gold_attack,grace,218,4,6,2,1
Cora,per_node_gold_attack,grace,236,2,60,58,1
Cora,per_node_gold_attack,grace,239,1,6,5,1
Cora,per_node_gold_attack,grace,279,8,24,16,1
Cora,per_node_gold_attack,grace,306,15,7,-8,0
Cora,per_node_gold_attack,grace,310,8,6,-2,0
Cora,per_node_gold_attack,grace,316,18,15,-3,0
Cora,per_node_gold_attack,grace,350,372,779,407,1
Cora,per_node_gold_attack,grace,364,1,2,1,1
Cora,per_node_gold_attack,grace,415,18,4,-14,0
Cora,per_node_gold_attack,grace,429,2,3,1,1
Cora,per_node_gold_attack,grace,436,2,1,-1,0
Cora,per_node_gold_attack,grace,441,1,77,76,1
Cora,per_node_gold_attack,grace,454,1,17,16,1
Cora,per_node_gold_attack,grace,456,1,2,1,1
Cora,per_node_gold_attack,grace,487,3,3,0,0
Cora,per_node_gold_attack,grace,505,1,1,0,0
Cora,per_node_gold_attack,grace,507,3,3,0,0
Cora,per_node_gold_attack,grace,519,77,111,34,1
Cora,per_node_gold_attack,grace,525,2,14,12,1
Cora,per_node_gold_attack,grace,565,73,92,19,1
Cora,per_node_gold_attack,grace,577,3,4,1,1
Cora,per_node_gold_attack,grace,598,13,1,-12,0
Cora,per_node_gold_attack,grace,645,103,59,-44,0
Cora,per_node_gold_attack,grace,657,1,16,15,1
Cora,per_node_gold_attack,grace,661,79,52,-27,0
Cora,per_node_gold_attack,grace,687,4,4,0,0
Cora,per_node_gold_attack,grace,733,52,130,78,1
Cora,per_node_gold_attack,grace,734,4,54,50,1
Cora,per_node_gold_attack,grace,736,1,3,2,1
Cora,per_node_gold_attack,grace,748,3,31,28,1
Cora,per_node_gold_attack,grace,756,8,11,3,1
Cora,per_node_gold_attack,grace,963,18,17,-1,0
Cora,per_node_gold_attack,grace,973,21,9,-12,0
Cora,per_node_gold_attack,grace,1013,74,60,-14,0
Cora,per_node_gold_attack,grace,1015,23,165,142,1
Cora,per_node_gold_attack,grace,1042,4,2,-2,0
Cora,per_node_gold_attack,grace,1050,1,1,0,0
Cora,per_node_gold_attack,grace,1072,3,44,41,1
Cora,per_node_gold_attack,grace,1103,7,33,26,1
Cora,per_node_gold_attack,grace,1119,1,1,0,0
Cora,per_node_gold_attack,grace,1131,17,16,-1,0
Cora,per_node_gold_attack,grace,1154,15,39,24,1
Cora,per_node_gold_attack,grace,1169,1,9,8,1
Cora,per_node_gold_attack,grace,1171,26,11,-15,0
Cora,per_node_gold_attack,grace,1224,14,4,-10,0
Cora,per_node_gold_attack,grace,1229,9,5,-4,0
Cora,per_node_gold_attack,grace,1257,2,8,6,1
Cora,per_node_gold_attack,grace,1309,4,1,-3,0
Cora,per_node_gold_attack,grace,1317,3,1,-2,0
Cora,per_node_gold_attack,grace,1351,5,38,33,1
Cora,per_node_gold_attack,grace,1358,66,39,-27,0
Cora,per_node_gold_attack,grace,1367,1,97,96,1
Cora,per_node_gold_attack,grace,1413,12,3,-9,0
Cora,per_node_gold_attack,grace,1416,32,37,5,1
Cora,per_node_gold_attack,grace,1441,1,12,11,1
Cora,per_node_gold_attack,grace,1483,10,8,-2,0
Cora,per_node_gold_attack,grace,1505,29,8,-21,0
Cora,per_node_gold_attack,grace,1542,2,2,0,0
Cora,per_node_gold_attack,grace,1583,4,3,-1,0
Cora,per_node_gold_attack,grace,1602,209,415,206,1
Cora,per_node_gold_attack,grace,1623,37,23,-14,0
Cora,per_node_gold_attack,grace,1624,3,2,-1,0
Cora,per_node_gold_attack,grace,1628,1,1,0,0
Cora,per_node_gold_attack,grace,1655,15,34,19,1
Cora,per_node_gold_attack,grace,1682,1,1,0,0
Cora,per_node_gold_attack,grace,1692,3,2,-1,0
Cora,per_node_gold_attack,grace,1701,51,21,-30,0
Cora,per_node_gold_attack,grace,1702,1,14,13,1
Cora,per_node_gold_attack,grace,1703,1,1,0,0
Cora,per_node_gold_attack,grace,1725,2,35,33,1
Cora,per_node_gold_attack,grace,1740,1,5,4,1
Cora,per_node_gold_attack,grace,1742,9,7,-2,0
Cora,per_node_gold_attack,grace,1765,1,1,0,0
Cora,per_node_gold_attack,grace,1776,2,1,-1,0
Cora,per_node_gold_attack,grace,1810,411,575,164,1
Cora,per_node_gold_attack,grace,1842,3,4,1,1
Cora,per_node_gold_attack,grace,1869,30,67,37,1
Cora,per_node_gold_attack,grace,1894,48,62,14,1
Cora,per_node_gold_attack,grace,1902,1,5,4,1
Cora,per_node_gold_attack,grace,1912,5,1,-4,0
Cora,per_node_gold_attack,grace,1914,24,32,8,1
Cora,per_node_gold_attack,grace,1927,2,4,2,1
Cora,per_node_gold_attack,grace,1950,10,7,-3,0
Cora,per_node_gold_attack,grace,1952,4,3,-1,0
Cora,per_node_gold_attack,grace,1966,4,3,-1,0
Cora,per_node_gold_attack,grace,1973,3,1,-2,0
Cora,per_node_gold_attack,grace,55,3,1,-2,0
Cora,per_node_gold_attack,grace,59,1,1,0,0
Cora,per_node_gold_attack,grace,65,2,7,5,1
Cora,per_node_gold_attack,grace,73,2,6,4,1
Cora,per_node_gold_attack,grace,88,3,2,-1,0
Cora,per_node_gold_attack,grace,89,9,9,0,0
Cora,per_node_gold_attack,grace,94,2,3,1,1
Cora,per_node_gold_attack,grace,95,12,2,-10,0
Cora,per_node_gold_attack,grace,109,14,44,30,1
Cora,per_node_gold_attack,grace,118,11,8,-3,0
Cora,per_node_gold_attack,grace,154,10,43,33,1
Cora,per_node_gold_attack,grace,180,7,7,0,0
Cora,per_node_gold_attack,grace,210,2,3,1,1
Cora,per_node_gold_attack,grace,218,4,9,5,1
Cora,per_node_gold_attack,grace,236,2,63,61,1
Cora,per_node_gold_attack,grace,239,1,8,7,1
Cora,per_node_gold_attack,grace,279,8,38,30,1
Cora,per_node_gold_attack,grace,306,15,7,-8,0
Cora,per_node_gold_attack,grace,310,8,11,3,1
Cora,per_node_gold_attack,grace,316,18,13,-5,0
Cora,per_node_gold_attack,grace,350,372,825,453,1
Cora,per_node_gold_attack,grace,364,1,2,1,1
Cora,per_node_gold_attack,grace,415,18,4,-14,0
Cora,per_node_gold_attack,grace,429,2,4,2,1
Cora,per_node_gold_attack,grace,436,2,1,-1,0
Cora,per_node_gold_attack,grace,441,1,108,107,1
Cora,per_node_gold_attack,grace,454,1,17,16,1
Cora,per_node_gold_attack,grace,456,1,3,2,1
Cora,per_node_gold_attack,grace,487,3,6,3,1
Cora,per_node_gold_attack,grace,505,1,1,0,0
Cora,per_node_gold_attack,grace,507,3,3,0,0
Cora,per_node_gold_attack,grace,519,77,133,56,1
Cora,per_node_gold_attack,grace,525,2,14,12,1
Cora,per_node_gold_attack,grace,565,73,106,33,1
Cora,per_node_gold_attack,grace,577,3,4,1,1
Cora,per_node_gold_attack,grace,598,13,1,-12,0
Cora,per_node_gold_attack,grace,645,103,147,44,1
Cora,per_node_gold_attack,grace,657,1,16,15,1
Cora,per_node_gold_attack,grace,661,79,107,28,1
Cora,per_node_gold_attack,grace,687,4,4,0,0
Cora,per_node_gold_attack,grace,733,52,166,114,1
Cora,per_node_gold_attack,grace,734,4,58,54,1
Cora,per_node_gold_attack,grace,736,1,3,2,1
Cora,per_node_gold_attack,grace,748,3,36,33,1
Cora,per_node_gold_attack,grace,756,8,13,5,1
Cora,per_node_gold_attack,grace,963,18,18,0,0
Cora,per_node_gold_attack,grace,973,21,9,-12,0
Cora,per_node_gold_attack,grace,1013,74,68,-6,0
Cora,per_node_gold_attack,grace,1015,23,188,165,1
Cora,per_node_gold_attack,grace,1042,4,2,-2,0
Cora,per_node_gold_attack,grace,1050,1,1,0,0
Cora,per_node_gold_attack,grace,1072,3,50,47,1
Cora,per_node_gold_attack,grace,1103,7,44,37,1
Cora,per_node_gold_attack,grace,1119,1,1,0,0
Cora,per_node_gold_attack,grace,1131,17,16,-1,0
Cora,per_node_gold_attack,grace,1154,15,56,41,1
Cora,per_node_gold_attack,grace,1169,1,8,7,1
Cora,per_node_gold_attack,grace,1171,26,15,-11,0
Cora,per_node_gold_attack,grace,1224,14,4,-10,0
Cora,per_node_gold_attack,grace,1229,9,5,-4,0
Cora,per_node_gold_attack,grace,1257,2,9,7,1
Cora,per_node_gold_attack,grace,1309,4,1,-3,0
Cora,per_node_gold_attack,grace,1317,3,1,-2,0
Cora,per_node_gold_attack,grace,1351,5,43,38,1
Cora,per_node_gold_attack,grace,1358,66,40,-26,0
Cora,per_node_gold_attack,grace,1367,1,105,104,1
Cora,per_node_gold_attack,grace,1413,12,3,-9,0
Cora,per_node_gold_attack,grace,1416,32,43,11,1
Cora,per_node_gold_attack,grace,1441,1,12,11,1
Cora,per_node_gold_attack,grace,1483,10,8,-2,0
Cora,per_node_gold_attack,grace,1505,29,10,-19,0
Cora,per_node_gold_attack,grace,1542,2,2,0,0
Cora,per_node_gold_attack,grace,1583,4,4,0,0
Cora,per_node_gold_attack,grace,1602,209,439,230,1
Cora,per_node_gold_attack,grace,1623,37,27,-10,0
Cora,per_node_gold_attack,grace,1624,3,3,0,0
Cora,per_node_gold_attack,grace,1628,1,1,0,0
Cora,per_node_gold_attack,grace,1655,15,70,55,1
Cora,per_node_gold_attack,grace,1682,1,1,0,0
Cora,per_node_gold_attack,grace,1692,3,2,-1,0
Cora,per_node_gold_attack,grace,1701,51,24,-27,0
Cora,per_node_gold_attack,grace,1702,1,19,18,1
Cora,per_node_gold_attack,grace,1703,1,1,0,0
Cora,per_node_gold_attack,grace,1725,2,36,34,1
Cora,per_node_gold_attack,grace,1740,1,6,5,1
Cora,per_node_gold_attack,grace,1742,9,9,0,0
Cora,per_node_gold_attack,grace,1765,1,1,0,0
Cora,per_node_gold_attack,grace,1776,2,1,-1,0
Cora,per_node_gold_attack,grace,1810,411,598,187,1
Cora,per_node_gold_attack,grace,1842,3,4,1,1
Cora,per_node_gold_attack,grace,1869,30,88,58,1
Cora,per_node_gold_attack,grace,1894,48,80,32,1
Cora,per_node_gold_attack,grace,1902,1,6,5,1
Cora,per_node_gold_attack,grace,1912,5,1,-4,0
Cora,per_node_gold_attack,grace,1914,24,39,15,1
Cora,per_node_gold_attack,grace,1927,2,4,2,1
Cora,per_node_gold_attack,grace,1950,10,7,-3,0
Cora,per_node_gold_attack,grace,1952,4,3,-1,0
Cora,per_node_gold_attack,grace,1966,4,3,-1,0
Cora,per_node_gold_attack,grace,1973,3,1,-2,0
Cora,per_node_gold_attack,grace,55,3,1,-2,0
Cora,per_node_gold_attack,grace,59,1,1,0,0
Cora,per_node_gold_attack,grace,65,2,10,8,1
Cora,per_node_gold_attack,grace,73,2,6,4,1
Cora,per_node_gold_attack,grace,88,3,5,2,1
Cora,per_node_gold_attack,grace,89,9,9,0,0
Cora,per_node_gold_attack,grace,94,2,4,2,1
Cora,per_node_gold_attack,grace,95,12,2,-10,0
Cora,per_node_gold_attack,grace,109,14,48,34,1
Cora,per_node_gold_attack,grace,118,11,7,-4,0
Cora,per_node_gold_attack,grace,154,10,49,39,1
Cora,per_node_gold_attack,grace,180,7,11,4,1
Cora,per_node_gold_attack,grace,210,2,3,1,1
Cora,per_node_gold_attack,grace,218,4,6,2,1
Cora,per_node_gold_attack,grace,236,2,85,83,1
Cora,per_node_gold_attack,grace,239,1,7,6,1
Cora,per_node_gold_attack,grace,279,8,59,51,1
Cora,per_node_gold_attack,grace,306,15,7,-8,0
Cora,per_node_gold_attack,grace,310,8,14,6,1
Cora,per_node_gold_attack,grace,316,18,17,-1,0
Cora,per_node_gold_attack,grace,350,372,873,501,1
Cora,per_node_gold_attack,grace,364,1,2,1,1
Cora,per_node_gold_attack,grace,415,18,6,-12,0
Cora,per_node_gold_attack,grace,429,2,4,2,1
Cora,per_node_gold_attack,grace,436,2,1,-1,0
Cora,per_node_gold_attack,grace,441,1,154,153,1
Cora,per_node_gold_attack,grace,454,1,10,9,1
Cora,per_node_gold_attack,grace,456,1,12,11,1
Cora,per_node_gold_attack,grace,487,3,3,0,0
Cora,per_node_gold_attack,grace,505,1,1,0,0
Cora,per_node_gold_attack,grace,507,3,3,0,0
Cora,per_node_gold_attack,grace,519,77,157,80,1
Cora,per_node_gold_attack,grace,525,2,16,14,1
Cora,per_node_gold_attack,grace,565,73,126,53,1
Cora,per_node_gold_attack,grace,577,3,5,2,1
Cora,per_node_gold_attack,grace,598,13,1,-12,0
Cora,per_node_gold_attack,grace,645,103,190,87,1
Cora,per_node_gold_attack,grace,657,1,19,18,1
Cora,per_node_gold_attack,grace,661,79,118,39,1
Cora,per_node_gold_attack,grace,687,4,4,0,0
Cora,per_node_gold_attack,grace,733,52,190,138,1
Cora,per_node_gold_attack,grace,734,4,63,59,1
Cora,per_node_gold_attack,grace,736,1,3,2,1
Cora,per_node_gold_attack,grace,748,3,35,32,1
Cora,per_node_gold_attack,grace,756,8,13,5,1
Cora,per_node_gold_attack,grace,963,18,20,2,1
Cora,per_node_gold_attack,grace,973,21,9,-12,0
Cora,per_node_gold_attack,grace,1013,74,79,5,1
Cora,per_node_gold_attack,grace,1015,23,224,201,1
Cora,per_node_gold_attack,grace,1042,4,2,-2,0
Cora,per_node_gold_attack,grace,1050,1,1,0,0
Cora,per_node_gold_attack,grace,1072,3,67,64,1
Cora,per_node_gold_attack,grace,1103,7,52,45,1
Cora,per_node_gold_attack,grace,1119,1,1,0,0
Cora,per_node_gold_attack,grace,1131,17,16,-1,0
Cora,per_node_gold_attack,grace,1154,15,59,44,1
Cora,per_node_gold_attack,grace,1169,1,8,7,1
Cora,per_node_gold_attack,grace,1171,26,19,-7,0
Cora,per_node_gold_attack,grace,1224,14,4,-10,0
Cora,per_node_gold_attack,grace,1229,9,5,-4,0
Cora,per_node_gold_attack,grace,1257,2,11,9,1
Cora,per_node_gold_attack,grace,1309,4,1,-3,0
Cora,per_node_gold_attack,grace,1317,3,1,-2,0
Cora,per_node_gold_attack,grace,1351,5,46,41,1
Cora,per_node_gold_attack,grace,1358,66,47,-19,0
Cora,per_node_gold_attack,grace,1367,1,113,112,1
Cora,per_node_gold_attack,grace,1413,12,4,-8,0
Cora,per_node_gold_attack,grace,1416,32,55,23,1
Cora,per_node_gold_attack,grace,1441,1,12,11,1
Cora,per_node_gold_attack,grace,1483,10,10,0,0
Cora,per_node_gold_attack,grace,1505,29,16,-13,0
Cora,per_node_gold_attack,grace,1542,2,2,0,0
Cora,per_node_gold_attack,grace,1583,4,4,0,0
Cora,per_node_gold_attack,grace,1602,209,467,258,1
Cora,per_node_gold_attack,grace,1623,37,32,-5,0
Cora,per_node_gold_attack,grace,1624,3,3,0,0
Cora,per_node_gold_attack,grace,1628,1,1,0,0
Cora,per_node_gold_attack,grace,1655,15,70,55,1
Cora,per_node_gold_attack,grace,1682,1,1,0,0
Cora,per_node_gold_attack,grace,1692,3,2,-1,0
Cora,per_node_gold_attack,grace,1701,51,26,-25,0
Cora,per_node_gold_attack,grace,1702,1,23,22,1
Cora,per_node_gold_attack,grace,1703,1,1,0,0
Cora,per_node_gold_attack,grace,1725,2,35,33,1
Cora,per_node_gold_attack,grace,1740,1,6,5,1
Cora,per_node_gold_attack,grace,1742,9,8,-1,0
Cora,per_node_gold_attack,grace,1765,1,1,0,0
Cora,per_node_gold_attack,grace,1776,2,1,-1,0
Cora,per_node_gold_attack,grace,1810,411,628,217,1
Cora,per_node_gold_attack,grace,1842,3,5,2,1
Cora,per_node_gold_attack,grace,1869,30,129,99,1
Cora,per_node_gold_attack,grace,1894,48,101,53,1
Cora,per_node_gold_attack,grace,1902,1,10,9,1
Cora,per_node_gold_attack,grace,1912,5,1,-4,0
Cora,per_node_gold_attack,grace,1914,24,42,18,1
Cora,per_node_gold_attack,grace,1927,2,4,2,1
Cora,per_node_gold_attack,grace,1950,10,9,-1,0
Cora,per_node_gold_attack,grace,1952,4,4,0,0
Cora,per_node_gold_attack,grace,1966,4,3,-1,0
Cora,per_node_gold_attack,grace,1973,3,1,-2,0
Cora,Proposed Method,grace,55,3,1,-2,0
Cora,Proposed Method,grace,59,1,1,0,0
Cora,Proposed Method,grace,65,2,4,2,1
Cora,Proposed Method,grace,73,2,4,2,1
Cora,Proposed Method,grace,88,3,1,-2,0
Cora,Proposed Method,grace,89,9,8,-1,0
Cora,Proposed Method,grace,94,2,2,0,0
Cora,Proposed Method,grace,95,12,1,-11,0
Cora,Proposed Method,grace,109,14,21,7,1
Cora,Proposed Method,grace,118,11,5,-6,0
Cora,Proposed Method,grace,154,10,5,-5,0
Cora,Proposed Method,grace,180,7,5,-2,0
Cora,Proposed Method,grace,210,2,1,-1,0
Cora,Proposed Method,grace,218,4,2,-2,0
Cora,Proposed Method,grace,236,2,17,15,1
Cora,Proposed Method,grace,239,1,2,1,1
Cora,Proposed Method,grace,279,8,10,2,1
Cora,Proposed Method,grace,306,15,7,-8,0
Cora,Proposed Method,grace,310,8,5,-3,0
Cora,Proposed Method,grace,316,18,1,-17,0
Cora,Proposed Method,grace,350,372,657,285,1
Cora,Proposed Method,grace,364,1,2,1,1
Cora,Proposed Method,grace,415,18,4,-14,0
Cora,Proposed Method,grace,429,2,2,0,0
Cora,Proposed Method,grace,436,2,1,-1,0
Cora,Proposed Method,grace,441,1,19,18,1
Cora,Proposed Method,grace,454,1,2,1,1
Cora,Proposed Method,grace,456,1,2,1,1
Cora,Proposed Method,grace,487,3,2,-1,0
Cora,Proposed Method,grace,505,1,1,0,0
Cora,Proposed Method,grace,507,3,3,0,0
Cora,Proposed Method,grace,519,77,39,-38,0
Cora,Proposed Method,grace,525,2,9,7,1
Cora,Proposed Method,grace,565,73,46,-27,0
Cora,Proposed Method,grace,577,3,3,0,0
Cora,Proposed Method,grace,598,13,1,-12,0
Cora,Proposed Method,grace,645,103,3,-100,0
Cora,Proposed Method,grace,657,1,9,8,1
Cora,Proposed Method,grace,661,79,9,-70,0
Cora,Proposed Method,grace,687,4,4,0,0
Cora,Proposed Method,grace,733,52,58,6,1
Cora,Proposed Method,grace,734,4,45,41,1
Cora,Proposed Method,grace,736,1,1,0,0
Cora,Proposed Method,grace,748,3,10,7,1
Cora,Proposed Method,grace,756,8,11,3,1
Cora,Proposed Method,grace,963,18,12,-6,0
Cora,Proposed Method,grace,973,21,4,-17,0
Cora,Proposed Method,grace,1013,74,38,-36,0
Cora,Proposed Method,grace,1015,23,91,68,1
Cora,Proposed Method,grace,1042,4,1,-3,0
Cora,Proposed Method,grace,1050,1,1,0,0
Cora,Proposed Method,grace,1072,3,8,5,1
Cora,Proposed Method,grace,1103,7,15,8,1
Cora,Proposed Method,grace,1119,1,1,0,0
Cora,Proposed Method,grace,1131,17,8,-9,0
Cora,Proposed Method,grace,1154,15,25,10,1
Cora,Proposed Method,grace,1169,1,3,2,1
Cora,Proposed Method,grace,1171,26,2,-24,0
Cora,Proposed Method,grace,1224,14,4,-10,0
Cora,Proposed Method,grace,1229,9,5,-4,0
Cora,Proposed Method,grace,1257,2,4,2,1
Cora,Proposed Method,grace,1309,4,1,-3,0
Cora,Proposed Method,grace,1317,3,1,-2,0
Cora,Proposed Method,grace,1351,5,8,3,1
Cora,Proposed Method,grace,1358,66,38,-28,0
Cora,Proposed Method,grace,1367,1,29,28,1
Cora,Proposed Method,grace,1413,12,2,-10,0
Cora,Proposed Method,grace,1416,32,17,-15,0
Cora,Proposed Method,grace,1441,1,8,7,1
Cora,Proposed Method,grace,1483,10,6,-4,0
Cora,Proposed Method,grace,1505,29,4,-25,0
Cora,Proposed Method,grace,1542,2,2,0,0
Cora,Proposed Method,grace,1583,4,3,-1,0
Cora,Proposed Method,grace,1602,209,273,64,1
Cora,Proposed Method,grace,1623,37,19,-18,0
Cora,Proposed Method,grace,1624,3,2,-1,0
Cora,Proposed Method,grace,1628,1,1,0,0
Cora,Proposed Method,grace,1655,15,6,-9,0
Cora,Proposed Method,grace,1682,1,1,0,0
Cora,Proposed Method,grace,1692,3,1,-2,0
Cora,Proposed Method,grace,1701,51,16,-35,0
Cora,Proposed Method,grace,1702,1,7,6,1
Cora,Proposed Method,grace,1703,1,1,0,0
Cora,Proposed Method,grace,1725,2,10,8,1
Cora,Proposed Method,grace,1740,1,1,0,0
Cora,Proposed Method,grace,1742,9,2,-7,0
Cora,Proposed Method,grace,1765,1,1,0,0
Cora,Proposed Method,grace,1776,2,1,-1,0
Cora,Proposed Method,grace,1810,411,457,46,1
Cora,Proposed Method,grace,1842,3,3,0,0
Cora,Proposed Method,grace,1869,30,13,-17,0
Cora,Proposed Method,grace,1894,48,38,-10,0
Cora,Proposed Method,grace,1902,1,5,4,1
Cora,Proposed Method,grace,1912,5,1,-4,0
Cora,Proposed Method,grace,1914,24,10,-14,0
Cora,Proposed Method,grace,1927,2,3,1,1
Cora,Proposed Method,grace,1950,10,3,-7,0
Cora,Proposed Method,grace,1952,4,3,-1,0
Cora,Proposed Method,grace,1966,4,1,-3,0
Cora,Proposed Method,grace,1973,3,1,-2,0
Cora,Proposed Method,grace,55,3,1,-2,0
Cora,Proposed Method,grace,59,1,1,0,0
Cora,Proposed Method,grace,65,2,4,2,1
Cora,Proposed Method,grace,73,2,4,2,1
Cora,Proposed Method,grace,88,3,1,-2,0
Cora,Proposed Method,grace,89,9,7,-2,0
Cora,Proposed Method,grace,94,2,2,0,0
Cora,Proposed Method,grace,95,12,2,-10,0
Cora,Proposed Method,grace,109,14,10,-4,0
Cora,Proposed Method,grace,118,11,3,-8,0
Cora,Proposed Method,grace,154,10,4,-6,0
Cora,Proposed Method,grace,180,7,5,-2,0
Cora,Proposed Method,grace,210,2,1,-1,0
Cora,Proposed Method,grace,218,4,2,-2,0
Cora,Proposed Method,grace,236,2,27,25,1
Cora,Proposed Method,grace,239,1,2,1,1
Cora,Proposed Method,grace,279,8,14,6,1
Cora,Proposed Method,grace,306,15,7,-8,0
Cora,Proposed Method,grace,310,8,5,-3,0
Cora,Proposed Method,grace,316,18,4,-14,0
Cora,Proposed Method,grace,350,372,697,325,1
Cora,Proposed Method,grace,364,1,1,0,0
Cora,Proposed Method,grace,415,18,3,-15,0
Cora,Proposed Method,grace,429,2,2,0,0
Cora,Proposed Method,grace,436,2,1,-1,0
Cora,Proposed Method,grace,441,1,26,25,1
Cora,Proposed Method,grace,454,1,4,3,1
Cora,Proposed Method,grace,456,1,2,1,1
Cora,Proposed Method,grace,487,3,3,0,0
Cora,Proposed Method,grace,505,1,1,0,0
Cora,Proposed Method,grace,507,3,3,0,0
Cora,Proposed Method,grace,519,77,63,-14,0
Cora,Proposed Method,grace,525,2,10,8,1
Cora,Proposed Method,grace,565,73,67,-6,0
Cora,Proposed Method,grace,577,3,3,0,0
Cora,Proposed Method,grace,598,13,1,-12,0
Cora,Proposed Method,grace,645,103,9,-94,0
Cora,Proposed Method,grace,657,1,9,8,1
Cora,Proposed Method,grace,661,79,8,-71,0
Cora,Proposed Method,grace,687,4,4,0,0
Cora,Proposed Method,grace,733,52,84,32,1
Cora,Proposed Method,grace,734,4,45,41,1
Cora,Proposed Method,grace,736,1,1,0,0
Cora,Proposed Method,grace,748,3,25,22,1
Cora,Proposed Method,grace,756,8,11,3,1
Cora,Proposed Method,grace,963,18,13,-5,0
Cora,Proposed Method,grace,973,21,2,-19,0
Cora,Proposed Method,grace,1013,74,39,-35,0
Cora,Proposed Method,grace,1015,23,102,79,1
Cora,Proposed Method,grace,1042,4,1,-3,0
Cora,Proposed Method,grace,1050,1,1,0,0
Cora,Proposed Method,grace,1072,3,8,5,1
Cora,Proposed Method,grace,1103,7,20,13,1
Cora,Proposed Method,grace,1119,1,2,1,1
Cora,Proposed Method,grace,1131,17,8,-9,0
Cora,Proposed Method,grace,1154,15,30,15,1
Cora,Proposed Method,grace,1169,1,3,2,1
Cora,Proposed Method,grace,1171,26,8,-18,0
Cora,Proposed Method,grace,1224,14,4,-10,0
Cora,Proposed Method,grace,1229,9,7,-2,0
Cora,Proposed Method,grace,1257,2,7,5,1
Cora,Proposed Method,grace,1309,4,2,-2,0
Cora,Proposed Method,grace,1317,3,1,-2,0
Cora,Proposed Method,grace,1351,5,9,4,1
Cora,Proposed Method,grace,1358,66,38,-28,0
Cora,Proposed Method,grace,1367,1,28,27,1
Cora,Proposed Method,grace,1413,12,2,-10,0
Cora,Proposed Method,grace,1416,32,25,-7,0
Cora,Proposed Method,grace,1441,1,10,9,1
Cora,Proposed Method,grace,1483,10,7,-3,0
Cora,Proposed Method,grace,1505,29,6,-23,0
Cora,Proposed Method,grace,1542,2,2,0,0
Cora,Proposed Method,grace,1583,4,3,-1,0
Cora,Proposed Method,grace,1602,209,294,85,1
Cora,Proposed Method,grace,1623,37,18,-19,0
Cora,Proposed Method,grace,1624,3,2,-1,0
Cora,Proposed Method,grace,1628,1,1,0,0
Cora,Proposed Method,grace,1655,15,5,-10,0
Cora,Proposed Method,grace,1682,1,1,0,0
Cora,Proposed Method,grace,1692,3,2,-1,0
Cora,Proposed Method,grace,1701,51,16,-35,0
Cora,Proposed Method,grace,1702,1,10,9,1
Cora,Proposed Method,grace,1703,1,1,0,0
Cora,Proposed Method,grace,1725,2,13,11,1
Cora,Proposed Method,grace,1740,1,2,1,1
Cora,Proposed Method,grace,1742,9,5,-4,0
Cora,Proposed Method,grace,1765,1,1,0,0
Cora,Proposed Method,grace,1776,2,1,-1,0
Cora,Proposed Method,grace,1810,411,464,53,1
Cora,Proposed Method,grace,1842,3,2,-1,0
Cora,Proposed Method,grace,1869,30,15,-15,0
Cora,Proposed Method,grace,1894,48,48,0,0
Cora,Proposed Method,grace,1902,1,5,4,1
Cora,Proposed Method,grace,1912,5,1,-4,0
Cora,Proposed Method,grace,1914,24,13,-11,0
Cora,Proposed Method,grace,1927,2,4,2,1
Cora,Proposed Method,grace,1950,10,3,-7,0
Cora,Proposed Method,grace,1952,4,3,-1,0
Cora,Proposed Method,grace,1966,4,2,-2,0
Cora,Proposed Method,grace,1973,3,1,-2,0
Cora,Proposed Method,grace,55,3,1,-2,0
Cora,Proposed Method,grace,59,1,1,0,0
Cora,Proposed Method,grace,65,2,1,-1,0
Cora,Proposed Method,grace,73,2,4,2,1
Cora,Proposed Method,grace,88,3,2,-1,0
Cora,Proposed Method,grace,89,9,1,-8,0
Cora,Proposed Method,grace,94,2,1,-1,0
Cora,Proposed Method,grace,95,12,2,-10,0
Cora,Proposed Method,grace,109,14,10,-4,0
Cora,Proposed Method,grace,118,11,3,-8,0
Cora,Proposed Method,grace,154,10,2,-8,0
Cora,Proposed Method,grace,180,7,5,-2,0
Cora,Proposed Method,grace,210,2,3,1,1
Cora,Proposed Method,grace,218,4,3,-1,0
Cora,Proposed Method,grace,236,2,34,32,1
Cora,Proposed Method,grace,239,1,1,0,0
Cora,Proposed Method,grace,279,8,17,9,1
Cora,Proposed Method,grace,306,15,7,-8,0
Cora,Proposed Method,grace,310,8,5,-3,0
Cora,Proposed Method,grace,316,18,4,-14,0
Cora,Proposed Method,grace,350,372,744,372,1
Cora,Proposed Method,grace,364,1,2,1,1
Cora,Proposed Method,grace,415,18,2,-16,0
Cora,Proposed Method,grace,429,2,3,1,1
Cora,Proposed Method,grace,436,2,1,-1,0
Cora,Proposed Method,grace,441,1,27,26,1
Cora,Proposed Method,grace,454,1,5,4,1
Cora,Proposed Method,grace,456,1,2,1,1
Cora,Proposed Method,grace,487,3,4,1,1
Cora,Proposed Method,grace,505,1,1,0,0
Cora,Proposed Method,grace,507,3,3,0,0
Cora,Proposed Method,grace,519,77,47,-30,0
Cora,Proposed Method,grace,525,2,11,9,1
Cora,Proposed Method,grace,565,73,92,19,1
Cora,Proposed Method,grace,577,3,3,0,0
Cora,Proposed Method,grace,598,13,1,-12,0
Cora,Proposed Method,grace,645,103,13,-90,0
Cora,Proposed Method,grace,657,1,9,8,1
Cora,Proposed Method,grace,661,79,21,-58,0
Cora,Proposed Method,grace,687,4,4,0,0
Cora,Proposed Method,grace,733,52,96,44,1
Cora,Proposed Method,grace,734,4,44,40,1
Cora,Proposed Method,grace,736,1,1,0,0
Cora,Proposed Method,grace,748,3,8,5,1
Cora,Proposed Method,grace,756,8,8,0,0
Cora,Proposed Method,grace,963,18,16,-2,0
Cora,Proposed Method,grace,973,21,3,-18,0
Cora,Proposed Method,grace,1013,74,45,-29,0
Cora,Proposed Method,grace,1015,23,111,88,1
Cora,Proposed Method,grace,1042,4,1,-3,0
Cora,Proposed Method,grace,1050,1,1,0,0
Cora,Proposed Method,grace,1072,3,11,8,1
Cora,Proposed Method,grace,1103,7,28,21,1
Cora,Proposed Method,grace,1119,1,3,2,1
Cora,Proposed Method,grace,1131,17,8,-9,0
Cora,Proposed Method,grace,1154,15,16,1,1
Cora,Proposed Method,grace,1169,1,3,2,1
Cora,Proposed Method,grace,1171,26,9,-17,0
Cora,Proposed Method,grace,1224,14,5,-9,0
Cora,Proposed Method,grace,1229,9,7,-2,0
Cora,Proposed Method,grace,1257,2,9,7,1
Cora,Proposed Method,grace,1309,4,3,-1,0
Cora,Proposed Method,grace,1317,3,1,-2,0
Cora,Proposed Method,grace,1351,5,16,11,1
Cora,Proposed Method,grace,1358,66,38,-28,0
Cora,Proposed Method,grace,1367,1,30,29,1
Cora,Proposed Method,grace,1413,12,3,-9,0
Cora,Proposed Method,grace,1416,32,35,3,1
Cora,Proposed Method,grace,1441,1,10,9,1
Cora,Proposed Method,grace,1483,10,9,-1,0
Cora,Proposed Method,grace,1505,29,6,-23,0
Cora,Proposed Method,grace,1542,2,2,0,0
Cora,Proposed Method,grace,1583,4,4,0,0
Cora,Proposed Method,grace,1602,209,211,2,1
Cora,Proposed Method,grace,1623,37,18,-19,0
Cora,Proposed Method,grace,1624,3,1,-2,0
Cora,Proposed Method,grace,1628,1,1,0,0
Cora,Proposed Method,grace,1655,15,5,-10,0
Cora,Proposed Method,grace,1682,1,1,0,0
Cora,Proposed Method,grace,1692,3,2,-1,0
Cora,Proposed Method,grace,1701,51,16,-35,0
Cora,Proposed Method,grace,1702,1,13,12,1
Cora,Proposed Method,grace,1703,1,1,0,0
Cora,Proposed Method,grace,1725,2,16,14,1
Cora,Proposed Method,grace,1740,1,3,2,1
Cora,Proposed Method,grace,1742,9,6,-3,0
Cora,Proposed Method,grace,1765,1,1,0,0
Cora,Proposed Method,grace,1776,2,1,-1,0
Cora,Proposed Method,grace,1810,411,476,65,1
Cora,Proposed Method,grace,1842,3,2,-1,0
Cora,Proposed Method,grace,1869,30,15,-15,0
Cora,Proposed Method,grace,1894,48,38,-10,0
Cora,Proposed Method,grace,1902,1,5,4,1
Cora,Proposed Method,grace,1912,5,1,-4,0
Cora,Proposed Method,grace,1914,24,18,-6,0
Cora,Proposed Method,grace,1927,2,4,2,1
Cora,Proposed Method,grace,1950,10,6,-4,0
Cora,Proposed Method,grace,1952,4,4,0,0
Cora,Proposed Method,grace,1966,4,2,-2,0
Cora,Proposed Method,grace,1973,3,1,-2,0
Cora,Proposed Method,grace,55,3,1,-2,0
Cora,Proposed Method,grace,59,1,2,1,1
Cora,Proposed Method,grace,65,2,3,1,1
Cora,Proposed Method,grace,73,2,4,2,1
Cora,Proposed Method,grace,88,3,2,-1,0
Cora,Proposed Method,grace,89,9,2,-7,0
Cora,Proposed Method,grace,94,2,1,-1,0
Cora,Proposed Method,grace,95,12,2,-10,0
Cora,Proposed Method,grace,109,14,10,-4,0
Cora,Proposed Method,grace,118,11,3,-8,0
Cora,Proposed Method,grace,154,10,3,-7,0
Cora,Proposed Method,grace,180,7,5,-2,0
Cora,Proposed Method,grace,210,2,4,2,1
Cora,Proposed Method,grace,218,4,2,-2,0
Cora,Proposed Method,grace,236,2,45,43,1
Cora,Proposed Method,grace,239,1,1,0,0
Cora,Proposed Method,grace,279,8,17,9,1
Cora,Proposed Method,grace,306,15,7,-8,0
Cora,Proposed Method,grace,310,8,5,-3,0
Cora,Proposed Method,grace,316,18,15,-3,0
Cora,Proposed Method,grace,350,372,790,418,1
Cora,Proposed Method,grace,364,1,2,1,1
Cora,Proposed Method,grace,415,18,2,-16,0
Cora,Proposed Method,grace,429,2,3,1,1
Cora,Proposed Method,grace,436,2,1,-1,0
Cora,Proposed Method,grace,441,1,41,40,1
Cora,Proposed Method,grace,454,1,5,4,1
Cora,Proposed Method,grace,456,1,2,1,1
Cora,Proposed Method,grace,487,3,5,2,1
Cora,Proposed Method,grace,505,1,1,0,0
Cora,Proposed Method,grace,507,3,3,0,0
Cora,Proposed Method,grace,519,77,56,-21,0
Cora,Proposed Method,grace,525,2,14,12,1
Cora,Proposed Method,grace,565,73,102,29,1
Cora,Proposed Method,grace,577,3,3,0,0
Cora,Proposed Method,grace,598,13,1,-12,0
Cora,Proposed Method,grace,645,103,20,-83,0
Cora,Proposed Method,grace,657,1,9,8,1
Cora,Proposed Method,grace,661,79,34,-45,0
Cora,Proposed Method,grace,687,4,4,0,0
Cora,Proposed Method,grace,733,52,90,38,1
Cora,Proposed Method,grace,734,4,45,41,1
Cora,Proposed Method,grace,736,1,1,0,0
Cora,Proposed Method,grace,748,3,1,-2,0
Cora,Proposed Method,grace,756,8,8,0,0
Cora,Proposed Method,grace,963,18,9,-9,0
Cora,Proposed Method,grace,973,21,5,-16,0
Cora,Proposed Method,grace,1013,74,52,-22,0
Cora,Proposed Method,grace,1015,23,120,97,1
Cora,Proposed Method,grace,1042,4,1,-3,0
Cora,Proposed Method,grace,1050,1,1,0,0
Cora,Proposed Method,grace,1072,3,11,8,1
Cora,Proposed Method,grace,1103,7,34,27,1
Cora,Proposed Method,grace,1119,1,3,2,1
Cora,Proposed Method,grace,1131,17,8,-9,0
Cora,Proposed Method,grace,1154,15,26,11,1
Cora,Proposed Method,grace,1169,1,3,2,1
Cora,Proposed Method,grace,1171,26,10,-16,0
Cora,Proposed Method,grace,1224,14,4,-10,0
Cora,Proposed Method,grace,1229,9,8,-1,0
Cora,Proposed Method,grace,1257,2,7,5,1
Cora,Proposed Method,grace,1309,4,4,0,0
Cora,Proposed Method,grace,1317,3,1,-2,0
Cora,Proposed Method,grace,1351,5,24,19,1
Cora,Proposed Method,grace,1358,66,38,-28,0
Cora,Proposed Method,grace,1367,1,32,31,1
Cora,Proposed Method,grace,1413,12,3,-9,0
Cora,Proposed Method,grace,1416,32,38,6,1
Cora,Proposed Method,grace,1441,1,12,11,1
Cora,Proposed Method,grace,1483,10,9,-1,0
Cora,Proposed Method,grace,1505,29,6,-23,0
Cora,Proposed Method,grace,1542,2,2,0,0
Cora,Proposed Method,grace,1583,4,4,0,0
Cora,Proposed Method,grace,1602,209,224,15,1
Cora,Proposed Method,grace,1623,37,16,-21,0
Cora,Proposed Method,grace,1624,3,1,-2,0
Cora,Proposed Method,grace,1628,1,1,0,0
Cora,Proposed Method,grace,1655,15,13,-2,0
Cora,Proposed Method,grace,1682,1,1,0,0
Cora,Proposed Method,grace,1692,3,2,-1,0
Cora,Proposed Method,grace,1701,51,12,-39,0
Cora,Proposed Method,grace,1702,1,14,13,1
Cora,Proposed Method,grace,1703,1,1,0,0
Cora,Proposed Method,grace,1725,2,14,12,1
Cora,Proposed Method,grace,1740,1,5,4,1
Cora,Proposed Method,grace,1742,9,9,0,0
Cora,Proposed Method,grace,1765,1,1,0,0
Cora,Proposed Method,grace,1776,2,1,-1,0
Cora,Proposed Method,grace,1810,411,488,77,1
Cora,Proposed Method,grace,1842,3,2,-1,0
Cora,Proposed Method,grace,1869,30,21,-9,0
Cora,Proposed Method,grace,1894,48,6,-42,0
Cora,Proposed Method,grace,1902,1,5,4,1
Cora,Proposed Method,grace,1912,5,1,-4,0
Cora,Proposed Method,grace,1914,24,22,-2,0
Cora,Proposed Method,grace,1927,2,3,1,1
Cora,Proposed Method,grace,1950,10,6,-4,0
Cora,Proposed Method,grace,1952,4,5,1,1
Cora,Proposed Method,grace,1966,4,1,-3,0
Cora,Proposed Method,grace,1973,3,1,-2,0
Cora,Proposed Method,grace,55,3,1,-2,0
Cora,Proposed Method,grace,59,1,6,5,1
Cora,Proposed Method,grace,65,2,3,1,1
Cora,Proposed Method,grace,73,2,6,4,1
Cora,Proposed Method,grace,88,3,2,-1,0
Cora,Proposed Method,grace,89,9,8,-1,0
Cora,Proposed Method,grace,94,2,2,0,0
Cora,Proposed Method,grace,95,12,2,-10,0
Cora,Proposed Method,grace,109,14,13,-1,0
Cora,Proposed Method,grace,118,11,4,-7,0
Cora,Proposed Method,grace,154,10,5,-5,0
Cora,Proposed Method,grace,180,7,5,-2,0
Cora,Proposed Method,grace,210,2,3,1,1
Cora,Proposed Method,grace,218,4,2,-2,0
Cora,Proposed Method,grace,236,2,51,49,1
Cora,Proposed Method,grace,239,1,1,0,0
Cora,Proposed Method,grace,279,8,21,13,1
Cora,Proposed Method,grace,306,15,7,-8,0
Cora,Proposed Method,grace,310,8,5,-3,0
Cora,Proposed Method,grace,316,18,17,-1,0
Cora,Proposed Method,grace,350,372,829,457,1
Cora,Proposed Method,grace,364,1,1,0,0
Cora,Proposed Method,grace,415,18,2,-16,0
Cora,Proposed Method,grace,429,2,3,1,1
Cora,Proposed Method,grace,436,2,1,-1,0
Cora,Proposed Method,grace,441,1,59,58,1
Cora,Proposed Method,grace,454,1,6,5,1
Cora,Proposed Method,grace,456,1,2,1,1
Cora,Proposed Method,grace,487,3,7,4,1
Cora,Proposed Method,grace,505,1,1,0,0
Cora,Proposed Method,grace,507,3,3,0,0
Cora,Proposed Method,grace,519,77,22,-55,0
Cora,Proposed Method,grace,525,2,6,4,1
Cora,Proposed Method,grace,565,73,123,50,1
Cora,Proposed Method,grace,577,3,3,0,0
Cora,Proposed Method,grace,598,13,1,-12,0
Cora,Proposed Method,grace,645,103,20,-83,0
Cora,Proposed Method,grace,657,1,9,8,1
Cora,Proposed Method,grace,661,79,30,-49,0
Cora,Proposed Method,grace,687,4,4,0,0
Cora,Proposed Method,grace,733,52,91,39,1
Cora,Proposed Method,grace,734,4,48,44,1
Cora,Proposed Method,grace,736,1,1,0,0
Cora,Proposed Method,grace,748,3,1,-2,0
Cora,Proposed Method,grace,756,8,8,0,0
Cora,Proposed Method,grace,963,18,9,-9,0
Cora,Proposed Method,grace,973,21,2,-19,0
Cora,Proposed Method,grace,1013,74,50,-24,0
Cora,Proposed Method,grace,1015,23,133,110,1
Cora,Proposed Method,grace,1042,4,1,-3,0
Cora,Proposed Method,grace,1050,1,1,0,0
Cora,Proposed Method,grace,1072,3,11,8,1
Cora,Proposed Method,grace,1103,7,44,37,1
Cora,Proposed Method,grace,1119,1,4,3,1
Cora,Proposed Method,grace,1131,17,8,-9,0
Cora,Proposed Method,grace,1154,15,30,15,1
Cora,Proposed Method,grace,1169,1,3,2,1
Cora,Proposed Method,grace,1171,26,14,-12,0
Cora,Proposed Method,grace,1224,14,5,-9,0
Cora,Proposed Method,grace,1229,9,7,-2,0
Cora,Proposed Method,grace,1257,2,4,2,1
Cora,Proposed Method,grace,1309,4,7,3,1
Cora,Proposed Method,grace,1317,3,1,-2,0
Cora,Proposed Method,grace,1351,5,24,19,1
Cora,Proposed Method,grace,1358,66,38,-28,0
Cora,Proposed Method,grace,1367,1,47,46,1
Cora,Proposed Method,grace,1413,12,3,-9,0
Cora,Proposed Method,grace,1416,32,44,12,1
Cora,Proposed Method,grace,1441,1,10,9,1
Cora,Proposed Method,grace,1483,10,9,-1,0
Cora,Proposed Method,grace,1505,29,4,-25,0
Cora,Proposed Method,grace,1542,2,2,0,0
Cora,Proposed Method,grace,1583,4,5,1,1
Cora,Proposed Method,grace,1602,209,221,12,1
Cora,Proposed Method,grace,1623,37,18,-19,0
Cora,Proposed Method,grace,1624,3,1,-2,0
Cora,Proposed Method,grace,1628,1,1,0,0
Cora,Proposed Method,grace,1655,15,19,4,1
Cora,Proposed Method,grace,1682,1,1,0,0
Cora,Proposed Method,grace,1692,3,8,5,1
Cora,Proposed Method,grace,1701,51,10,-41,0
Cora,Proposed Method,grace,1702,1,18,17,1
Cora,Proposed Method,grace,1703,1,1,0,0
Cora,Proposed Method,grace,1725,2,14,12,1
Cora,Proposed Method,grace,1740,1,6,5,1
Cora,Proposed Method,grace,1742,9,2,-7,0
Cora,Proposed Method,grace,1765,1,4,3,1
Cora,Proposed Method,grace,1776,2,1,-1,0
Cora,Proposed Method,grace,1810,411,482,71,1
Cora,Proposed Method,grace,1842,3,2,-1,0
Cora,Proposed Method,grace,1869,30,67,37,1
Cora,Proposed Method,grace,1894,48,14,-34,0
Cora,Proposed Method,grace,1902,1,6,5,1
Cora,Proposed Method,grace,1912,5,1,-4,0
Cora,Proposed Method,grace,1914,24,25,1,1
Cora,Proposed Method,grace,1927,2,3,1,1
Cora,Proposed Method,grace,1950,10,6,-4,0
Cora,Proposed Method,grace,1952,4,4,0,0
Cora,Proposed Method,grace,1966,4,1,-3,0
Cora,Proposed Method,grace,1973,3,2,-1,0
